cvegeomun,nom_juri,cvegeojuri
"01001",AGUASCALIENTES,"0101"
"01002",RINCÓN DE ROMOS,"0102"
"01003",CALVILLO,"0103"
"01004",RINCÓN DE ROMOS,"0102"
"01005",AGUASCALIENTES,"0101"
"01006",RINCÓN DE ROMOS,"0102"
"01007",RINCÓN DE ROMOS,"0102"
"01008",RINCÓN DE ROMOS,"0102"
"01009",RINCÓN DE ROMOS,"0102"
"01010",AGUASCALIENTES,"0101"
"01011",AGUASCALIENTES,"0101"
"02001",VICENTE GUERRERO,"0204"
"02002",MEXICALI,"0201"
"02003",TIJUANA,"0202"
"02004",TIJUANA,"0202"
"02005",TIJUANA,"0202"
"03001",COMONDÚ,"0301"
"03002",MULEGÉ,"0302"
"03003",LA PAZ,"0303"
"03008",LOS CABOS,"0304"
"03009",COMONDÚ,"0301"
"04001",CAMPECHE,"0401"
"04002",CAMPECHE,"0401"
"04003",CARMEN,"0403"
"04004",CAMPECHE,"0401"
"04005",CAMPECHE,"0401"
"04006",CAMPECHE,"0401"
"04007",CARMEN,"0403"
"04008",CAMPECHE,"0401"
"04009",ESCÁRCEGA,"0402"
"04010",ESCÁRCEGA,"0402"
"04011",ESCÁRCEGA,"0402"
"05001",MONCLOVA,"0504"
"05002",ACUÑA,"0502"
"05003",PIEDRAS NEGRAS,"0501"
"05004",SALTILLO,"0508"
"05005",MONCLOVA,"0504"
"05006",MONCLOVA,"0504"
"05007",CUATRO CIENEGAS,"0505"
"05008",MONCLOVA,"0504"
"05009",FRANCISCO I. MADERO,"0507"
"05010",MONCLOVA,"0504"
"05011",SALTILLO,"0508"
"05012",PIEDRAS NEGRAS,"0501"
"05013",PIEDRAS NEGRAS,"0501"
"05014",ACUÑA,"0502"
"05015",SABINAS,"0503"
"05016",CUATRO CIENEGAS,"0505"
"05017",TORREÓN,"0506"
"05018",MONCLOVA,"0504"
"05019",ACUÑA,"0502"
"05020",SABINAS,"0503"
"05021",MONCLOVA,"0504"
"05022",PIEDRAS NEGRAS,"0501"
"05023",FRANCISCO I. MADERO,"0507"
"05024",SALTILLO,"0508"
"05025",PIEDRAS NEGRAS,"0501"
"05026",SABINAS,"0503"
"05027",SALTILLO,"0508"
"05028",SABINAS,"0503"
"05029",CUATRO CIENEGAS,"0505"
"05030",SALTILLO,"0508"
"05031",MONCLOVA,"0504"
"05032",SABINAS,"0503"
"05033",FRANCISCO I. MADERO,"0507"
"05034",FRANCISCO I. MADERO,"0507"
"05035",TORREÓN,"0506"
"05036",TORREÓN,"0506"
"05037",PIEDRAS NEGRAS,"0501"
"05038",ACUÑA,"0502"
"06001",TECOMÁN,"0602"
"06002",COLIMA,"0601"
"06003",COLIMA,"0601"
"06004",COLIMA,"0601"
"06005",COLIMA,"0601"
"06006",TECOMÁN,"0602"
"06007",MANZANILLO,"0603"
"06008",MANZANILLO,"0603"
"06009",TECOMÁN,"0602"
"06010",COLIMA,"0601"
"07001",TAPACHULA,"0707"
"07002",TUXTLA GUTIERREZ,"0701"
"07003",TAPACHULA,"0707"
"07004",OCOSINGO,"0709"
"07005",PICHUCALCO,"0705"
"07006",MOTOZINTLA,"0710"
"07007",SAN CRISTÓBAL DE LAS CASAS,"0702"
"07008",VILLAFLORES,"0704"
"07009",TONALÁ,"0708"
"07010",MOTOZINTLA,"0710"
"07011",MOTOZINTLA,"0710"
"07012",TUXTLA GUTIERREZ,"0701"
"07013",PICHUCALCO,"0705"
"07014",PICHUCALCO,"0705"
"07015",TAPACHULA,"0707"
"07016",PALENQUE,"0706"
"07017",TUXTLA GUTIERREZ,"0701"
"07018",TUXTLA GUTIERREZ,"0701"
"07019",COMITÁN,"0703"
"07020",VILLAFLORES,"0704"
"07021",TUXTLA GUTIERREZ,"0701"
"07022",SAN CRISTÓBAL DE LAS CASAS,"0702"
"07023",SAN CRISTÓBAL DE LAS CASAS,"0702"
"07024",SAN CRISTÓBAL DE LAS CASAS,"0702"
"07025",PICHUCALCO,"0705"
"07026",SAN CRISTÓBAL DE LAS CASAS,"0702"
"07027",TUXTLA GUTIERREZ,"0701"
"07028",TUXTLA GUTIERREZ,"0701"
"07029",TUXTLA GUTIERREZ,"0701"
"07030",COMITÁN,"0703"
"07031",OCOSINGO,"0709"
"07032",TAPACHULA,"0707"
"07033",TUXTLA GUTIERREZ,"0701"
"07034",COMITÁN,"0703"
"07035",TAPACHULA,"0707"
"07036",MOTOZINTLA,"0710"
"07037",TAPACHULA,"0707"
"07038",SAN CRISTÓBAL DE LAS CASAS,"0702"
"07039",PICHUCALCO,"0705"
"07040",TAPACHULA,"0707"
"07041",COMITÁN,"0703"
"07042",PICHUCALCO,"0705"
"07043",PICHUCALCO,"0705"
"07044",TUXTLA GUTIERREZ,"0701"
"07045",PICHUCALCO,"0705"
"07046",TUXTLA GUTIERREZ,"0701"
"07047",PICHUCALCO,"0705"
"07048",PICHUCALCO,"0705"
"07049",SAN CRISTÓBAL DE LAS CASAS,"0702"
"07050",PALENQUE,"0706"
"07051",TAPACHULA,"0707"
"07052",COMITÁN,"0703"
"07053",MOTOZINTLA,"0710"
"07054",TAPACHULA,"0707"
"07055",TAPACHULA,"0707"
"07056",SAN CRISTÓBAL DE LAS CASAS,"0702"
"07057",MOTOZINTLA,"0710"
"07058",TUXTLA GUTIERREZ,"0701"
"07059",OCOSINGO,"0709"
"07060",TUXTLA GUTIERREZ,"0701"
"07061",TUXTLA GUTIERREZ,"0701"
"07062",PICHUCALCO,"0705"
"07063",TUXTLA GUTIERREZ,"0701"
"07064",SAN CRISTÓBAL DE LAS CASAS,"0702"
"07065",PALENQUE,"0706"
"07066",SAN CRISTÓBAL DE LAS CASAS,"0702"
"07067",PICHUCALCO,"0705"
"07068",PICHUCALCO,"0705"
"07069",TONALÁ,"0708"
"07070",MOTOZINTLA,"0710"
"07071",TAPACHULA,"0707"
"07072",PICHUCALCO,"0705"
"07073",PICHUCALCO,"0705"
"07074",PICHUCALCO,"0705"
"07075",SAN CRISTÓBAL DE LAS CASAS,"0702"
"07076",PALENQUE,"0706"
"07077",PALENQUE,"0706"
"07078",SAN CRISTÓBAL DE LAS CASAS,"0702"
"07079",TUXTLA GUTIERREZ,"0701"
"07080",MOTOZINTLA,"0710"
"07081",PICHUCALCO,"0705"
"07082",OCOSINGO,"0709"
"07083",COMITÁN,"0703"
"07084",PICHUCALCO,"0705"
"07085",TUXTLA GUTIERREZ,"0701"
"07086",TUXTLA GUTIERREZ,"0701"
"07087",TAPACHULA,"0707"
"07088",PICHUCALCO,"0705"
"07089",TAPACHULA,"0707"
"07090",PICHUCALCO,"0705"
"07091",PICHUCALCO,"0705"
"07092",TUXTLA GUTIERREZ,"0701"
"07093",SAN CRISTÓBAL DE LAS CASAS,"0702"
"07094",SAN CRISTÓBAL DE LAS CASAS,"0702"
"07096",PALENQUE,"0706"
"07097",TONALÁ,"0708"
"07098",TUXTLA GUTIERREZ,"0701"
"07099",COMITÁN,"0703"
"07100",PALENQUE,"0706"
"07101",TUXTLA GUTIERREZ,"0701"
"07102",TAPACHULA,"0707"
"07103",TAPACHULA,"0707"
"07104",COMITÁN,"0703"
"07105",TAPACHULA,"0707"
"07106",TUXTLA GUTIERREZ,"0701"
"07107",VILLAFLORES,"0704"
"07108",VILLAFLORES,"0704"
"07109",PALENQUE,"0706"
"07110",TUXTLA GUTIERREZ,"0701"
"07111",SAN CRISTÓBAL DE LAS CASAS,"0702"
"07112",SAN CRISTÓBAL DE LAS CASAS,"0702"
"07113",SAN CRISTÓBAL DE LAS CASAS,"0702"
"07114",PALENQUE,"0706"
"07115",COMITÁN,"0703"
"07116",PALENQUE,"0706"
"07117",VILLAFLORES,"0704"
"07118",PICHUCALCO,"0705"
"07119",SAN CRISTÓBAL DE LAS CASAS,"0702"
"07120",MOTOZINTLA,"0710"
"07121",PICHUCALCO,"0705"
"07122",VILLAFLORES,"0704"
"07123",TUXTLA GUTIERREZ,"0701"
"07124",TUXTLA GUTIERREZ,"0701"
"08001",JUÁREZ,"0802"
"08002",CHIHUAHUA,"0801"
"08003",PARRAL,"0803"
"08004",CHIHUAHUA,"0801"
"08005",NUEVO CASAS GRANDES,"0805"
"08006",CUAUHTÉMOC,"0804"
"08007",PARRAL,"0803"
"08008",GUACHOCHI,"0810"
"08009",CREEL,"0807"
"08010",NUEVO CASAS GRANDES,"0805"
"08011",CAMARGO,"0806"
"08012",CUAUHTÉMOC,"0804"
"08013",NUEVO CASAS GRANDES,"0805"
"08014",PARRAL,"0803"
"08015",OJINAGA,"0809"
"08016",CAMARGO,"0806"
"08017",CUAUHTÉMOC,"0804"
"08018",CUAUHTÉMOC,"0804"
"08019",PARRAL,"0803"
"08020",CREEL,"0807"
"08021",CHIHUAHUA,"0801"
"08022",CHIHUAHUA,"0801"
"08023",NUEVO CASAS GRANDES,"0805"
"08024",CHIHUAHUA,"0801"
"08025",GÓMEZ FARÍAS,"0811"
"08026",CHIHUAHUA,"0801"
"08027",GUACHOCHI,"0810"
"08028",GUACHOCHI,"0810"
"08029",PARRAL,"0803"
"08030",CREEL,"0807"
"08031",CUAUHTÉMOC,"0804"
"08032",PARRAL,"0803"
"08033",PARRAL,"0803"
"08034",GÓMEZ FARÍAS,"0811"
"08035",NUEVO CASAS GRANDES,"0805"
"08036",PARRAL,"0803"
"08037",JUÁREZ,"0802"
"08038",CHIHUAHUA,"0801"
"08039",PARRAL,"0803"
"08040",CUAUHTÉMOC,"0804"
"08041",CREEL,"0807"
"08042",OJINAGA,"0809"
"08043",CUAUHTÉMOC,"0804"
"08044",PARRAL,"0803"
"08045",CHIHUAHUA,"0801"
"08046",CREEL,"0807"
"08047",CREEL,"0807"
"08048",GÓMEZ FARÍAS,"0811"
"08049",CHIHUAHUA,"0801"
"08050",NUEVO CASAS GRANDES,"0805"
"08051",CREEL,"0807"
"08052",OJINAGA,"0809"
"08053",JUÁREZ,"0802"
"08054",CUAUHTÉMOC,"0804"
"08055",CHIHUAHUA,"0801"
"08056",PARRAL,"0803"
"08057",CHIHUAHUA,"0801"
"08058",CAMARGO,"0806"
"08059",PARRAL,"0803"
"08060",PARRAL,"0803"
"08061",CHIHUAHUA,"0801"
"08062",CAMARGO,"0806"
"08063",CUAUHTÉMOC,"0804"
"08064",PARRAL,"0803"
"08065",CREEL,"0807"
"08066",CREEL,"0807"
"08067",PARRAL,"0803"
"09002",AZCAPOTZALCO,"0902"
"09003",COYOACÁN,"0904"
"09004",CUAJIMALPA,"0907"
"09005",GUSTAVO A. MADERO,"0901"
"09006",IZTACALCO,"0903"
"09007",IZTAPALAPA,"0909"
"09008",MAGDALENA CONTRERAS,"0906"
"09009",MILPA ALTA,"0911"
"09010",ÁLVARO OBREGÓN,"0905"
"09011",TLÁHUAC,"0912"
"09012",TLALPAN,"0908"
"09013",XOCHIMILCO,"0910"
"09014",BENITO JUÁREZ,"0914"
"09015",CUAUHTÉMOC,"0915"
"09016",MIGUEL HIDALGO,"0913"
"09017",VENUSTIANO CARRANZA,"0916"
"10001",SANTIAGO PAPASQUIARO,"1003"
"10002",SANTIAGO PAPASQUIARO,"1003"
"10003",RODEO,"1004"
"10004",GÓMEZ PALACIO,"1002"
"10005",DURANGO,"1001"
"10006",GÓMEZ PALACIO,"1002"
"10007",GÓMEZ PALACIO,"1002"
"10008",DURANGO,"1001"
"10009",SANTIAGO PAPASQUIARO,"1003"
"10010",RODEO,"1004"
"10011",RODEO,"1004"
"10012",GÓMEZ PALACIO,"1002"
"10013",GÓMEZ PALACIO,"1002"
"10014",DURANGO,"1001"
"10015",GÓMEZ PALACIO,"1002"
"10016",DURANGO,"1001"
"10017",RODEO,"1004"
"10018",RODEO,"1004"
"10019",SANTIAGO PAPASQUIARO,"1003"
"10020",DURANGO,"1001"
"10021",GÓMEZ PALACIO,"1002"
"10022",DURANGO,"1001"
"10023",DURANGO,"1001"
"10024",RODEO,"1004"
"10025",RODEO,"1004"
"10026",DURANGO,"1001"
"10027",GÓMEZ PALACIO,"1002"
"10028",RODEO,"1004"
"10029",GÓMEZ PALACIO,"1002"
"10030",GÓMEZ PALACIO,"1002"
"10031",GÓMEZ PALACIO,"1002"
"10032",SANTIAGO PAPASQUIARO,"1003"
"10033",DURANGO,"1001"
"10034",DURANGO,"1001"
"10035",SANTIAGO PAPASQUIARO,"1003"
"10036",GÓMEZ PALACIO,"1002"
"10037",SANTIAGO PAPASQUIARO,"1003"
"10038",DURANGO,"1001"
"10039",SANTIAGO PAPASQUIARO,"1003"
"11001",IRAPUATO,"1106"
"11002",ACÁMBARO,"1104"
"11003",SAN MIGUEL DE ALLENDE,"1102"
"11004",CELAYA,"1103"
"11005",CELAYA,"1103"
"11006",SAN MIGUEL DE ALLENDE,"1102"
"11007",CELAYA,"1103"
"11008",LEÓN DELTA,"1108"
"11009",CELAYA,"1103"
"11010",ACÁMBARO,"1104"
"11011",CELAYA,"1103"
"11012",IRAPUATO,"1106"
"11013",SAN MIGUEL DE ALLENDE,"1102"
"11014",GUANAJUATO,"1101"
"11015",GUANAJUATO,"1101"
"11016",IRAPUATO,"1106"
"11017",IRAPUATO,"1106"
"11018",SALAMANCA,"1105"
"11019",ACÁMBARO,"1104"
"11020",LEÓN DELTA,"1108"
"11021",SALAMANCA,"1105"
"11022",GUANAJUATO,"1101"
"11023",IRAPUATO,"1106"
"11024",IRAPUATO,"1106"
"11025",LEÓN DELTA,"1108"
"11026",LEÓN DELTA,"1108"
"11027",SALAMANCA,"1105"
"11028",ACÁMBARO,"1104"
"11029",GUANAJUATO,"1101"
"11030",GUANAJUATO,"1101"
"11031",LEÓN DELTA,"1108"
"11032",SAN MIGUEL DE ALLENDE,"1102"
"11033",SAN MIGUEL DE ALLENDE,"1102"
"11034",SAN MIGUEL DE ALLENDE,"1102"
"11035",CELAYA,"1103"
"11036",ACÁMBARO,"1104"
"11037",LEÓN DELTA,"1108"
"11038",ACÁMBARO,"1104"
"11039",CELAYA,"1103"
"11040",SAN MIGUEL DE ALLENDE,"1102"
"11041",SALAMANCA,"1105"
"11042",SALAMANCA,"1105"
"11043",SAN MIGUEL DE ALLENDE,"1102"
"11044",CELAYA,"1103"
"11045",SAN MIGUEL DE ALLENDE,"1102"
"11046",SALAMANCA,"1105"
"12001",ACAPULCO,"1207"
"12002",CENTRO,"1203"
"12003",TIERRA CALIENTE,"1201"
"12004",MONTAÑA,"1204"
"12005",MONTAÑA,"1204"
"12006",NORTE,"1202"
"12007",TIERRA CALIENTE,"1201"
"12008",NORTE,"1202"
"12009",MONTAÑA,"1204"
"12010",MONTAÑA,"1204"
"12011",COSTA GRANDE,"1205"
"12012",COSTA CHICA,"1206"
"12013",COSTA CHICA,"1206"
"12014",COSTA GRANDE,"1205"
"12015",NORTE,"1202"
"12016",COSTA GRANDE,"1205"
"12017",NORTE,"1202"
"12018",COSTA CHICA,"1206"
"12019",NORTE,"1202"
"12020",MONTAÑA,"1204"
"12021",COSTA GRANDE,"1205"
"12022",TIERRA CALIENTE,"1201"
"12023",COSTA CHICA,"1206"
"12024",MONTAÑA,"1204"
"12025",COSTA CHICA,"1206"
"12026",NORTE,"1202"
"12027",TIERRA CALIENTE,"1201"
"12028",CENTRO,"1203"
"12029",CENTRO,"1203"
"12030",COSTA CHICA,"1206"
"12031",NORTE,"1202"
"12032",CENTRO,"1203"
"12033",MONTAÑA,"1204"
"12034",NORTE,"1202"
"12035",NORTE,"1202"
"12036",COSTA CHICA,"1206"
"12037",NORTE,"1202"
"12038",COSTA GRANDE,"1205"
"12039",CENTRO,"1203"
"12040",CENTRO,"1203"
"12041",MONTAÑA,"1204"
"12042",CENTRO,"1203"
"12043",MONTAÑA,"1204"
"12044",CENTRO,"1203"
"12045",MONTAÑA,"1204"
"12046",COSTA CHICA,"1206"
"12047",NORTE,"1202"
"12048",COSTA GRANDE,"1205"
"12049",NORTE,"1202"
"12050",TIERRA CALIENTE,"1201"
"12051",CENTRO,"1203"
"12052",COSTA CHICA,"1206"
"12053",COSTA CHICA,"1206"
"12054",TIERRA CALIENTE,"1201"
"12055",NORTE,"1202"
"12056",COSTA CHICA,"1206"
"12057",COSTA GRANDE,"1205"
"12058",NORTE,"1202"
"12059",NORTE,"1202"
"12060",NORTE,"1202"
"12061",CENTRO,"1203"
"12062",COSTA CHICA,"1206"
"12063",MONTAÑA,"1204"
"12064",TIERRA CALIENTE,"1201"
"12065",MONTAÑA,"1204"
"12066",MONTAÑA,"1204"
"12067",TIERRA CALIENTE,"1201"
"12068",COSTA GRANDE,"1205"
"12069",MONTAÑA,"1204"
"12070",MONTAÑA,"1204"
"12071",COSTA CHICA,"1206"
"12072",MONTAÑA,"1204"
"12073",TIERRA CALIENTE,"1201"
"12074",CENTRO,"1203"
"12075",CENTRO,"1203"
"12076",MONTAÑA,"1204"
"12077",COSTA CHICA,"1206"
"12078",MONTAÑA,"1204"
"12079",CENTRO,"1203"
"12080",COSTA CHICA,"1206"
"12081",MONTAÑA,"1204"
"13001",ATOTONILCO,"1315"
"13002",OTOMÍ TEPEHUA,"1313"
"13003",ACTOPAN,"1307"
"13004",OTOMÍ TEPEHUA,"1313"
"13005",TEPEJI,"1314"
"13006",IXMIQUILPAN,"1306"
"13007",APAN,"1311"
"13008",APAN,"1311"
"13009",ACTOPAN,"1307"
"13010",TEPEJI,"1314"
"13011",HUEJUTLA,"1310"
"13012",ATOTONILCO,"1315"
"13013",TEPEJI,"1314"
"13014",MOLANGO,"1309"
"13015",IXMIQUILPAN,"1306"
"13016",TULANCINGO,"1302"
"13017",HUICHAPAN,"1304"
"13018",JACALA,"1316"
"13019",IXMIQUILPAN,"1306"
"13020",METZTITLÁN,"1308"
"13021",APAN,"1311"
"13022",PACHUCA,"1301"
"13023",ACTOPAN,"1307"
"13024",ATOTONILCO,"1315"
"13025",HUEJUTLA,"1310"
"13026",MOLANGO,"1309"
"13027",OTOMÍ TEPEHUA,"1313"
"13028",HUEJUTLA,"1310"
"13029",HUICHAPAN,"1304"
"13030",IXMIQUILPAN,"1306"
"13031",JACALA,"1316"
"13032",HUEJUTLA,"1310"
"13033",METZTITLÁN,"1308"
"13034",MOLANGO,"1309"
"13035",OTOMÍ TEPEHUA,"1313"
"13036",METZTITLÁN,"1308"
"13037",METZTITLÁN,"1308"
"13038",ATOTONILCO,"1315"
"13039",PACHUCA,"1301"
"13040",JACALA,"1316"
"13041",ACTOPAN,"1307"
"13042",MOLANGO,"1309"
"13043",ZIMAPÁN,"1305"
"13044",HUICHAPAN,"1304"
"13045",ATOTONILCO,"1315"
"13046",HUEJUTLA,"1310"
"13047",ZIMAPÁN,"1305"
"13048",PACHUCA,"1301"
"13049",JACALA,"1316"
"13050",ACTOPAN,"1307"
"13051",PACHUCA,"1301"
"13052",PACHUCA,"1301"
"13053",OTOMÍ TEPEHUA,"1313"
"13054",ACTOPAN,"1307"
"13055",ACTOPAN,"1307"
"13056",TULANCINGO,"1302"
"13057",TULANCINGO,"1302"
"13058",ZIMAPÁN,"1305"
"13059",HUICHAPAN,"1304"
"13060",OTOMÍ TEPEHUA,"1313"
"13061",APAN,"1311"
"13062",MOLANGO,"1309"
"13063",TEPEJI,"1314"
"13064",TULA,"1303"
"13065",TEPEJI,"1314"
"13066",TIZAYUCA,"1312"
"13067",TULA,"1303"
"13068",ZACUALTIPÁN,"1317"
"13069",TIZAYUCA,"1312"
"13070",TULA,"1303"
"13071",METZTITLÁN,"1308"
"13072",APAN,"1311"
"13073",MOLANGO,"1309"
"13074",TEPEJI,"1314"
"13075",TIZAYUCA,"1312"
"13076",TULA,"1303"
"13077",TULANCINGO,"1302"
"13078",HUEJUTLA,"1310"
"13079",ZACUALTIPÁN,"1317"
"13080",HUEJUTLA,"1310"
"13081",ZACUALTIPÁN,"1317"
"13082",TIZAYUCA,"1312"
"13083",TIZAYUCA,"1312"
"13084",ZIMAPÁN,"1305"
"14001",TEPATITLÁN,"1403"
"14002",CENTRO TLAQUEPAQUE,"1412"
"14003",AMECA,"1409"
"14004",CIUDAD GUZMÁN,"1406"
"14005",AMECA,"1409"
"14006",AMECA,"1409"
"14007",AMECA,"1409"
"14008",TEPATITLÁN,"1403"
"14009",AMECA,"1409"
"14010",CIUDAD GUZMÁN,"1406"
"14011",AUTLÁN,"1407"
"14012",AMECA,"1409"
"14013",LA BARCA,"1404"
"14014",CIUDAD GUZMÁN,"1406"
"14015",AUTLÁN,"1407"
"14016",LA BARCA,"1404"
"14017",AUTLÁN,"1407"
"14018",LA BARCA,"1404"
"14019",COLOTLÁN,"1401"
"14020",PUERTO VALLARTA,"1408"
"14021",AUTLÁN,"1407"
"14022",AUTLÁN,"1407"
"14023",CIUDAD GUZMÁN,"1406"
"14024",AMECA,"1409"
"14025",COLOTLÁN,"1401"
"14026",TAMAZULA,"1405"
"14027",AUTLÁN,"1407"
"14028",AUTLÁN,"1407"
"14029",CENTRO TONALÁ,"1411"
"14030",LA BARCA,"1404"
"14031",COLOTLÁN,"1401"
"14032",AUTLÁN,"1407"
"14033",LA BARCA,"1404"
"14034",AUTLÁN,"1407"
"14035",LAGOS DE MORENO,"1402"
"14036",AMECA,"1409"
"14037",AUTLÁN,"1407"
"14038",AMECA,"1409"
"14039",CENTRO GUADALAJARA,"1413"
"14040",AMECA,"1409"
"14041",COLOTLÁN,"1401"
"14042",COLOTLÁN,"1401"
"14043",AUTLÁN,"1407"
"14044",CENTRO TLAQUEPAQUE,"1412"
"14045",CENTRO TONALÁ,"1411"
"14046",TEPATITLÁN,"1403"
"14047",LA BARCA,"1404"
"14048",TEPATITLÁN,"1403"
"14049",TAMAZULA,"1405"
"14050",LA BARCA,"1404"
"14051",CENTRO TONALÁ,"1411"
"14052",AUTLÁN,"1407"
"14053",LAGOS DE MORENO,"1402"
"14054",AUTLÁN,"1407"
"14055",AMECA,"1409"
"14056",TAMAZULA,"1405"
"14057",TAMAZULA,"1405"
"14058",PUERTO VALLARTA,"1408"
"14059",TAMAZULA,"1405"
"14060",TEPATITLÁN,"1403"
"14061",COLOTLÁN,"1401"
"14062",AMECA,"1409"
"14063",LA BARCA,"1404"
"14064",LAGOS DE MORENO,"1402"
"14065",TAMAZULA,"1405"
"14066",LA BARCA,"1404"
"14067",PUERTO VALLARTA,"1408"
"14068",AUTLÁN,"1407"
"14069",TAMAZULA,"1405"
"14070",CENTRO TONALÁ,"1411"
"14071",CENTRO ZAPOPAN,"1410"
"14072",LAGOS DE MORENO,"1402"
"14073",LAGOS DE MORENO,"1402"
"14074",TEPATITLÁN,"1403"
"14075",AMECA,"1409"
"14076",COLOTLÁN,"1401"
"14077",AMECA,"1409"
"14078",TEPATITLÁN,"1403"
"14079",CIUDAD GUZMÁN,"1406"
"14080",PUERTO VALLARTA,"1408"
"14081",COLOTLÁN,"1401"
"14082",CIUDAD GUZMÁN,"1406"
"14083",AMECA,"1409"
"14084",PUERTO VALLARTA,"1408"
"14085",TAMAZULA,"1405"
"14086",CIUDAD GUZMÁN,"1406"
"14087",TAMAZULA,"1405"
"14088",AUTLÁN,"1407"
"14089",CIUDAD GUZMÁN,"1406"
"14090",AUTLÁN,"1407"
"14091",LAGOS DE MORENO,"1402"
"14092",CIUDAD GUZMÁN,"1406"
"14093",TEPATITLÁN,"1403"
"14094",AMECA,"1409"
"14095",AMECA,"1409"
"14096",LA BARCA,"1404"
"14097",CENTRO TLAQUEPAQUE,"1412"
"14098",CENTRO TLAQUEPAQUE,"1412"
"14099",CIUDAD GUZMÁN,"1406"
"14100",PUERTO VALLARTA,"1408"
"14101",CENTRO TONALÁ,"1411"
"14102",AUTLÁN,"1407"
"14103",CIUDAD GUZMÁN,"1406"
"14104",COLOTLÁN,"1401"
"14105",LA BARCA,"1404"
"14106",AUTLÁN,"1407"
"14107",LA BARCA,"1404"
"14108",CIUDAD GUZMÁN,"1406"
"14109",LAGOS DE MORENO,"1402"
"14110",AUTLÁN,"1407"
"14111",TEPATITLÁN,"1403"
"14112",TAMAZULA,"1405"
"14113",CIUDAD GUZMÁN,"1406"
"14114",CENTRO TLAQUEPAQUE,"1412"
"14115",COLOTLÁN,"1401"
"14116",LAGOS DE MORENO,"1402"
"14117",TEPATITLÁN,"1403"
"14118",TEPATITLÁN,"1403"
"14119",CIUDAD GUZMÁN,"1406"
"14120",CENTRO ZAPOPAN,"1410"
"14121",CIUDAD GUZMÁN,"1406"
"14122",CIUDAD GUZMÁN,"1406"
"14123",LA BARCA,"1404"
"14124",CENTRO TONALÁ,"1411"
"14125",TEPATITLÁN,"1403"
"15001",ATLACOMULCO,"1501"
"15002",TEOTIHUACÁN,"1513"
"15003",JILOTEPEC,"1503"
"15004",TENANCINGO,"1508"
"15005",TOLUCA,"1505"
"15006",TENANGO DEL VALLE,"1504"
"15007",VALLE DE BRAVO,"1509"
"15008",TEJUPILCO,"1507"
"15009",AMECAMECA,"1516"
"15010",ZUMPANGO,"1515"
"15011",TEXCOCO,"1519"
"15012",TENANGO DEL VALLE,"1504"
"15013",ATIZAPÁN DE ZARAGOZA,"1510"
"15014",ATLACOMULCO,"1501"
"15015",AMECAMECA,"1516"
"15016",TEOTIHUACÁN,"1513"
"15017",AMECAMECA,"1516"
"15018",TENANGO DEL VALLE,"1504"
"15019",TENANGO DEL VALLE,"1504"
"15020",ECATEPEC,"1517"
"15021",TENANCINGO,"1508"
"15022",AMECAMECA,"1516"
"15023",CUAUTITLÁN,"1511"
"15024",CUAUTITLÁN,"1511"
"15025",AMECAMECA,"1516"
"15026",JILOTEPEC,"1503"
"15027",TENANGO DEL VALLE,"1504"
"15028",TEXCOCO,"1519"
"15029",TEXCOCO,"1519"
"15030",TEXCOCO,"1519"
"15031",TEXCOCO,"1519"
"15032",VALLE DE BRAVO,"1509"
"15033",ECATEPEC,"1517"
"15034",AMECAMECA,"1516"
"15035",ZUMPANGO,"1515"
"15036",ZUMPANGO,"1515"
"15037",XONACATLÁN,"1506"
"15038",ATIZAPÁN DE ZARAGOZA,"1510"
"15039",AMECAMECA,"1516"
"15040",TENANCINGO,"1508"
"15041",VALLE DE BRAVO,"1509"
"15042",IXTLAHUACA,"1502"
"15043",TENANGO DEL VALLE,"1504"
"15044",ZUMPANGO,"1515"
"15045",JILOTEPEC,"1503"
"15046",NAUCALPAN,"1512"
"15047",IXTLAHUACA,"1502"
"15048",IXTLAHUACA,"1502"
"15049",TENANGO DEL VALLE,"1504"
"15050",AMECAMECA,"1516"
"15051",XONACATLÁN,"1506"
"15052",TENANCINGO,"1508"
"15053",CUAUTITLÁN,"1511"
"15054",TOLUCA,"1505"
"15055",TENANGO DEL VALLE,"1504"
"15056",IXTLAHUACA,"1502"
"15057",NAUCALPAN,"1512"
"15058",NEZAHUALCÓYOTL,"1518"
"15059",ZUMPANGO,"1515"
"15060",ATIZAPÁN DE ZARAGOZA,"1510"
"15061",TEOTIHUACÁN,"1513"
"15062",XONACATLÁN,"1506"
"15063",TENANCINGO,"1508"
"15064",ATLACOMULCO,"1501"
"15065",TEOTIHUACÁN,"1513"
"15066",VALLE DE BRAVO,"1509"
"15067",XONACATLÁN,"1506"
"15068",AMECAMECA,"1516"
"15069",TEXCOCO,"1519"
"15070",NEZAHUALCÓYOTL,"1518"
"15071",JILOTEPEC,"1503"
"15072",TENANGO DEL VALLE,"1504"
"15073",TENANGO DEL VALLE,"1504"
"15074",IXTLAHUACA,"1502"
"15075",TEOTIHUACÁN,"1513"
"15076",XONACATLÁN,"1506"
"15077",TEJUPILCO,"1507"
"15078",VALLE DE BRAVO,"1509"
"15079",JILOTEPEC,"1503"
"15080",TENANCINGO,"1508"
"15081",ZUMPANGO,"1515"
"15082",TEJUPILCO,"1507"
"15083",AMECAMECA,"1516"
"15084",TEOTIHUACÁN,"1513"
"15085",ATLACOMULCO,"1501"
"15086",TEJUPILCO,"1507"
"15087",XONACATLÁN,"1506"
"15088",TENANCINGO,"1508"
"15089",AMECAMECA,"1516"
"15090",TENANGO DEL VALLE,"1504"
"15091",CUAUTITLÁN,"1511"
"15092",TEOTIHUACÁN,"1513"
"15093",TEXCOCO,"1519"
"15094",AMECAMECA,"1516"
"15095",CUAUTITLÁN,"1511"
"15096",ZUMPANGO,"1515"
"15097",TENANCINGO,"1508"
"15098",TENANGO DEL VALLE,"1504"
"15099",TEXCOCO,"1519"
"15100",TEXCOCO,"1519"
"15101",TENANGO DEL VALLE,"1504"
"15102",JILOTEPEC,"1503"
"15103",AMECAMECA,"1516"
"15104",TLALNEPANTLA,"1514"
"15105",TEJUPILCO,"1507"
"15106",TOLUCA,"1505"
"15107",TENANCINGO,"1508"
"15108",CUAUTITLÁN,"1511"
"15109",CUAUTITLÁN,"1511"
"15110",VALLE DE BRAVO,"1509"
"15111",VALLE DE BRAVO,"1509"
"15112",JILOTEPEC,"1503"
"15113",TENANCINGO,"1508"
"15114",VALLE DE BRAVO,"1509"
"15115",XONACATLÁN,"1506"
"15116",VALLE DE BRAVO,"1509"
"15117",TENANCINGO,"1508"
"15118",TOLUCA,"1505"
"15119",TENANCINGO,"1508"
"15120",ZUMPANGO,"1515"
"15121",CUAUTITLÁN,"1511"
"15122",AMECAMECA,"1516"
"15123",TEJUPILCO,"1507"
"15124",IXTLAHUACA,"1502"
"15125",ZUMPANGO,"1515"
"16001",PÁTZCUARO,"1604"
"16002",APATZINGÁN,"1607"
"16003",MORELIA,"1601"
"16004",LA PIEDAD,"1606"
"16005",ZITÁCUARO,"1603"
"16006",APATZINGÁN,"1607"
"16007",ZITÁCUARO,"1603"
"16008",LÁZARO CÁRDENAS,"1608"
"16009",PÁTZCUARO,"1604"
"16010",LÁZARO CÁRDENAS,"1608"
"16011",ZAMORA,"1602"
"16012",APATZINGÁN,"1607"
"16013",PÁTZCUARO,"1604"
"16014",LÁZARO CÁRDENAS,"1608"
"16015",APATZINGÁN,"1607"
"16016",PÁTZCUARO,"1604"
"16017",ZITÁCUARO,"1603"
"16018",MORELIA,"1601"
"16019",ZAMORA,"1602"
"16020",MORELIA,"1601"
"16021",URUAPAN,"1605"
"16022",MORELIA,"1601"
"16023",ZAMORA,"1602"
"16024",URUAPAN,"1605"
"16025",ZAMORA,"1602"
"16026",LÁZARO CÁRDENAS,"1608"
"16027",MORELIA,"1601"
"16028",LA PIEDAD,"1606"
"16029",APATZINGÁN,"1607"
"16030",ZAMORA,"1602"
"16031",ZITÁCUARO,"1603"
"16032",PÁTZCUARO,"1604"
"16033",URUAPAN,"1605"
"16034",ZITÁCUARO,"1603"
"16035",APATZINGÁN,"1607"
"16036",MORELIA,"1601"
"16037",MORELIA,"1601"
"16038",ZITÁCUARO,"1603"
"16039",PÁTZCUARO,"1604"
"16040",MORELIA,"1601"
"16041",ZITÁCUARO,"1603"
"16042",ZAMORA,"1602"
"16043",ZAMORA,"1602"
"16044",PÁTZCUARO,"1604"
"16045",ZAMORA,"1602"
"16046",ZITÁCUARO,"1603"
"16047",ZITÁCUARO,"1603"
"16048",PÁTZCUARO,"1604"
"16049",PÁTZCUARO,"1604"
"16050",MORELIA,"1601"
"16051",ZAMORA,"1602"
"16052",LÁZARO CÁRDENAS,"1608"
"16053",MORELIA,"1601"
"16054",LA PIEDAD,"1606"
"16055",APATZINGÁN,"1607"
"16056",URUAPAN,"1605"
"16057",PÁTZCUARO,"1604"
"16058",URUAPAN,"1605"
"16059",URUAPAN,"1605"
"16060",LA PIEDAD,"1606"
"16061",ZITÁCUARO,"1603"
"16062",ZAMORA,"1602"
"16063",PÁTZCUARO,"1604"
"16064",APATZINGÁN,"1607"
"16065",URUAPAN,"1605"
"16066",PÁTZCUARO,"1604"
"16067",LA PIEDAD,"1606"
"16068",URUAPAN,"1605"
"16069",LA PIEDAD,"1606"
"16070",ZAMORA,"1602"
"16071",LA PIEDAD,"1606"
"16072",MORELIA,"1601"
"16073",PÁTZCUARO,"1604"
"16074",ZAMORA,"1602"
"16075",URUAPAN,"1605"
"16076",ZAMORA,"1602"
"16077",ZITÁCUARO,"1603"
"16078",MORELIA,"1601"
"16079",PÁTZCUARO,"1604"
"16080",ZITÁCUARO,"1603"
"16081",ZITÁCUARO,"1603"
"16082",PÁTZCUARO,"1604"
"16083",URUAPAN,"1605"
"16084",ZAMORA,"1602"
"16085",ZAMORA,"1602"
"16086",LA PIEDAD,"1606"
"16087",URUAPAN,"1605"
"16088",MORELIA,"1601"
"16089",APATZINGÁN,"1607"
"16090",URUAPAN,"1605"
"16091",ZAMORA,"1602"
"16092",ZITÁCUARO,"1603"
"16093",ZITÁCUARO,"1603"
"16094",LA PIEDAD,"1606"
"16095",ZAMORA,"1602"
"16096",LÁZARO CÁRDENAS,"1608"
"16097",PÁTZCUARO,"1604"
"16098",ZITÁCUARO,"1603"
"16099",ZITÁCUARO,"1603"
"16100",PÁTZCUARO,"1604"
"16101",MORELIA,"1601"
"16102",URUAPAN,"1605"
"16103",ZAMORA,"1602"
"16104",ZAMORA,"1602"
"16105",ZAMORA,"1602"
"16106",LA PIEDAD,"1606"
"16107",PÁTZCUARO,"1604"
"16108",ZAMORA,"1602"
"16109",LA PIEDAD,"1606"
"16110",MORELIA,"1601"
"16111",URUAPAN,"1605"
"16112",ZITÁCUARO,"1603"
"16113",LA PIEDAD,"1606"
"17001",JOJUTLA,"1702"
"17002",CUAUTLA,"1703"
"17003",CUAUTLA,"1703"
"17004",CUAUTLA,"1703"
"17005",CUERNAVACA,"1701"
"17006",CUAUTLA,"1703"
"17007",CUERNAVACA,"1701"
"17008",CUERNAVACA,"1701"
"17009",CUERNAVACA,"1701"
"17010",CUAUTLA,"1703"
"17011",CUERNAVACA,"1701"
"17012",JOJUTLA,"1702"
"17013",CUAUTLA,"1703"
"17014",CUERNAVACA,"1701"
"17015",CUERNAVACA,"1701"
"17016",CUAUTLA,"1703"
"17017",JOJUTLA,"1702"
"17018",CUERNAVACA,"1701"
"17019",CUAUTLA,"1703"
"17020",CUERNAVACA,"1701"
"17021",CUERNAVACA,"1701"
"17022",CUAUTLA,"1703"
"17023",CUAUTLA,"1703"
"17024",JOJUTLA,"1702"
"17025",JOJUTLA,"1702"
"17026",CUAUTLA,"1703"
"17027",CUAUTLA,"1703"
"17028",CUERNAVACA,"1701"
"17029",CUAUTLA,"1703"
"17030",CUAUTLA,"1703"
"17031",JOJUTLA,"1702"
"17032",CUAUTLA,"1703"
"17033",CUAUTLA,"1703"
"17034",CUERNAVACA,"1701"
"17035",JOJUTLA,"1702"
"18001",TUXPAN,"1803"
"18002",COMPOSTELA,"1802"
"18003",COMPOSTELA,"1802"
"18004",COMPOSTELA,"1802"
"18005",TUXPAN,"1803"
"18006",COMPOSTELA,"1802"
"18007",COMPOSTELA,"1802"
"18008",TEPIC,"1801"
"18009",TEPIC,"1801"
"18010",TUXPAN,"1803"
"18011",TUXPAN,"1803"
"18012",TEPIC,"1801"
"18013",COMPOSTELA,"1802"
"18014",TEPIC,"1801"
"18015",TUXPAN,"1803"
"18016",TUXPAN,"1803"
"18017",TEPIC,"1801"
"18018",TUXPAN,"1803"
"18019",TEPIC,"1801"
"18020",COMPOSTELA,"1802"
"19001",MONTERREY NORTE,"1902"
"19002",SABINAS HIDALGO,"1905"
"19003",CADEREYTA JIMÉNEZ,"1906"
"19004",MONTEMORELOS,"1907"
"19005",SABINAS HIDALGO,"1905"
"19006",GUADALUPE,"1904"
"19007",DOCTOR ARROYO,"1908"
"19008",SABINAS HIDALGO,"1905"
"19009",CADEREYTA JIMÉNEZ,"1906"
"19010",MONTERREY NORTE,"1902"
"19011",CADEREYTA JIMÉNEZ,"1906"
"19012",MONTERREY NORTE,"1902"
"19013",CADEREYTA JIMÉNEZ,"1906"
"19014",DOCTOR ARROYO,"1908"
"19015",CADEREYTA JIMÉNEZ,"1906"
"19016",CADEREYTA JIMÉNEZ,"1906"
"19017",DOCTOR ARROYO,"1908"
"19018",SAN PEDRO GARZA GARCÍA,"1903"
"19019",SAN PEDRO GARZA GARCÍA,"1903"
"19020",CADEREYTA JIMÉNEZ,"1906"
"19021",MONTERREY NORTE,"1902"
"19022",MONTEMORELOS,"1907"
"19023",SABINAS HIDALGO,"1905"
"19024",DOCTOR ARROYO,"1908"
"19025",MONTERREY NORTE,"1902"
"19026",GUADALUPE,"1904"
"19027",CADEREYTA JIMÉNEZ,"1906"
"19028",CADEREYTA JIMÉNEZ,"1906"
"19029",MONTEMORELOS,"1907"
"19030",DOCTOR ARROYO,"1908"
"19031",GUADALUPE,"1904"
"19032",SABINAS HIDALGO,"1905"
"19033",MONTEMORELOS,"1907"
"19034",CADEREYTA JIMÉNEZ,"1906"
"19035",CADEREYTA JIMÉNEZ,"1906"
"19036",DOCTOR ARROYO,"1908"
"19037",MONTERREY NORTE,"1902"
"19038",MONTEMORELOS,"1907"
"19039",SAN PEDRO GARZA GARCÍA,"1903"
"19040",SABINAS HIDALGO,"1905"
"19041",CADEREYTA JIMÉNEZ,"1906"
"19042",CADEREYTA JIMÉNEZ,"1906"
"19043",MONTEMORELOS,"1907"
"19044",SABINAS HIDALGO,"1905"
"19045",MONTERREY NORTE,"1902"
"19046",MONTERREY NORTE,"1902"
"19047",MONTERREY NORTE,"1902"
"19048",SAN PEDRO GARZA GARCÍA,"1903"
"19049",MONTEMORELOS,"1907"
"19050",SABINAS HIDALGO,"1905"
"19051",SABINAS HIDALGO,"1905"
"20001",SIERRA,"2006"
"20002",TUXTEPEC,"2003"
"20003",SIERRA,"2006"
"20004",MIXTECA,"2005"
"20005",ISTMO,"2002"
"20006",MIXTECA,"2005"
"20007",VALLES CENTRALES,"2001"
"20008",ISTMO,"2002"
"20009",TUXTEPEC,"2003"
"20010",ISTMO,"2002"
"20011",MIXTECA,"2005"
"20012",COSTA,"2004"
"20013",VALLES CENTRALES,"2001"
"20014",ISTMO,"2002"
"20015",VALLES CENTRALES,"2001"
"20016",MIXTECA,"2005"
"20017",VALLES CENTRALES,"2001"
"20018",MIXTECA,"2005"
"20019",VALLES CENTRALES,"2001"
"20020",MIXTECA,"2005"
"20021",TUXTEPEC,"2003"
"20022",MIXTECA,"2005"
"20023",VALLES CENTRALES,"2001"
"20024",VALLES CENTRALES,"2001"
"20025",ISTMO,"2002"
"20026",MIXTECA,"2005"
"20027",VALLES CENTRALES,"2001"
"20028",VALLES CENTRALES,"2001"
"20029",VALLES CENTRALES,"2001"
"20030",ISTMO,"2002"
"20031",SIERRA,"2006"
"20032",MIXTECA,"2005"
"20033",VALLES CENTRALES,"2001"
"20034",MIXTECA,"2005"
"20035",SIERRA,"2006"
"20036",ISTMO,"2002"
"20037",MIXTECA,"2005"
"20038",SIERRA,"2006"
"20039",MIXTECA,"2005"
"20040",VALLES CENTRALES,"2001"
"20041",VALLES CENTRALES,"2001"
"20042",SIERRA,"2006"
"20043",ISTMO,"2002"
"20044",TUXTEPEC,"2003"
"20045",VALLES CENTRALES,"2001"
"20046",MIXTECA,"2005"
"20047",MIXTECA,"2005"
"20048",VALLES CENTRALES,"2001"
"20049",VALLES CENTRALES,"2001"
"20050",MIXTECA,"2005"
"20051",SIERRA,"2006"
"20052",ISTMO,"2002"
"20053",ISTMO,"2002"
"20054",MIXTECA,"2005"
"20055",MIXTECA,"2005"
"20056",COSTA,"2004"
"20057",ISTMO,"2002"
"20058",VALLES CENTRALES,"2001"
"20059",VALLES CENTRALES,"2001"
"20060",SIERRA,"2006"
"20061",VALLES CENTRALES,"2001"
"20062",SIERRA,"2006"
"20063",VALLES CENTRALES,"2001"
"20064",SIERRA,"2006"
"20065",MIXTECA,"2005"
"20066",ISTMO,"2002"
"20067",VALLES CENTRALES,"2001"
"20068",VALLES CENTRALES,"2001"
"20069",VALLES CENTRALES,"2001"
"20070",COSTA,"2004"
"20071",COSTA,"2004"
"20072",VALLES CENTRALES,"2001"
"20073",MIXTECA,"2005"
"20074",SIERRA,"2006"
"20075",ISTMO,"2002"
"20076",MIXTECA,"2005"
"20077",VALLES CENTRALES,"2001"
"20078",SIERRA,"2006"
"20079",ISTMO,"2002"
"20080",VALLES CENTRALES,"2001"
"20081",MIXTECA,"2005"
"20082",COSTA,"2004"
"20083",VALLES CENTRALES,"2001"
"20084",VALLES CENTRALES,"2001"
"20085",COSTA,"2004"
"20086",MIXTECA,"2005"
"20087",VALLES CENTRALES,"2001"
"20088",MIXTECA,"2005"
"20089",MIXTECA,"2005"
"20090",COSTA,"2004"
"20091",VALLES CENTRALES,"2001"
"20092",VALLES CENTRALES,"2001"
"20093",MIXTECA,"2005"
"20094",MIXTECA,"2005"
"20095",VALLES CENTRALES,"2001"
"20096",MIXTECA,"2005"
"20097",SIERRA,"2006"
"20098",VALLES CENTRALES,"2001"
"20099",MIXTECA,"2005"
"20100",SIERRA,"2006"
"20101",VALLES CENTRALES,"2001"
"20102",VALLES CENTRALES,"2001"
"20103",VALLES CENTRALES,"2001"
"20104",VALLES CENTRALES,"2001"
"20105",MIXTECA,"2005"
"20106",MIXTECA,"2005"
"20107",VALLES CENTRALES,"2001"
"20108",VALLES CENTRALES,"2001"
"20109",VALLES CENTRALES,"2001"
"20110",MIXTECA,"2005"
"20111",COSTA,"2004"
"20112",VALLES CENTRALES,"2001"
"20113",COSTA,"2004"
"20114",SIERRA,"2006"
"20115",VALLES CENTRALES,"2001"
"20116",VALLES CENTRALES,"2001"
"20117",COSTA,"2004"
"20118",SIERRA,"2006"
"20119",MIXTECA,"2005"
"20120",SIERRA,"2006"
"20121",MIXTECA,"2005"
"20122",SIERRA,"2006"
"20123",VALLES CENTRALES,"2001"
"20124",ISTMO,"2002"
"20125",SIERRA,"2006"
"20126",VALLES CENTRALES,"2001"
"20127",MIXTECA,"2005"
"20128",SIERRA,"2006"
"20129",MIXTECA,"2005"
"20130",ISTMO,"2002"
"20131",SIERRA,"2006"
"20132",VALLES CENTRALES,"2001"
"20133",MIXTECA,"2005"
"20134",TUXTEPEC,"2003"
"20135",VALLES CENTRALES,"2001"
"20136",TUXTEPEC,"2003"
"20137",VALLES CENTRALES,"2001"
"20138",SIERRA,"2006"
"20139",VALLES CENTRALES,"2001"
"20140",MIXTECA,"2005"
"20141",ISTMO,"2002"
"20142",VALLES CENTRALES,"2001"
"20143",ISTMO,"2002"
"20144",MIXTECA,"2005"
"20145",SIERRA,"2006"
"20146",VALLES CENTRALES,"2001"
"20147",MIXTECA,"2005"
"20148",VALLES CENTRALES,"2001"
"20149",VALLES CENTRALES,"2001"
"20150",VALLES CENTRALES,"2001"
"20151",MIXTECA,"2005"
"20152",MIXTECA,"2005"
"20153",COSTA,"2004"
"20154",VALLES CENTRALES,"2001"
"20155",VALLES CENTRALES,"2001"
"20156",SIERRA,"2006"
"20157",VALLES CENTRALES,"2001"
"20158",VALLES CENTRALES,"2001"
"20159",COSTA,"2004"
"20160",MIXTECA,"2005"
"20161",VALLES CENTRALES,"2001"
"20162",VALLES CENTRALES,"2001"
"20163",VALLES CENTRALES,"2001"
"20164",MIXTECA,"2005"
"20165",MIXTECA,"2005"
"20166",TUXTEPEC,"2003"
"20167",VALLES CENTRALES,"2001"
"20168",COSTA,"2004"
"20169",TUXTEPEC,"2003"
"20170",VALLES CENTRALES,"2001"
"20171",TUXTEPEC,"2003"
"20172",MIXTECA,"2005"
"20173",SIERRA,"2006"
"20174",VALLES CENTRALES,"2001"
"20175",VALLES CENTRALES,"2001"
"20176",MIXTECA,"2005"
"20177",VALLES CENTRALES,"2001"
"20178",VALLES CENTRALES,"2001"
"20179",VALLES CENTRALES,"2001"
"20180",COSTA,"2004"
"20181",MIXTECA,"2005"
"20182",VALLES CENTRALES,"2001"
"20183",MIXTECA,"2005"
"20184",TUXTEPEC,"2003"
"20185",COSTA,"2004"
"20186",MIXTECA,"2005"
"20187",VALLES CENTRALES,"2001"
"20188",COSTA,"2004"
"20189",SIERRA,"2006"
"20190",ISTMO,"2002"
"20191",SIERRA,"2006"
"20192",VALLES CENTRALES,"2001"
"20193",VALLES CENTRALES,"2001"
"20194",SIERRA,"2006"
"20195",MIXTECA,"2005"
"20196",SIERRA,"2006"
"20197",SIERRA,"2006"
"20198",ISTMO,"2002"
"20199",MIXTECA,"2005"
"20200",SIERRA,"2006"
"20201",SIERRA,"2006"
"20202",COSTA,"2004"
"20203",VALLES CENTRALES,"2001"
"20204",SIERRA,"2006"
"20205",TUXTEPEC,"2003"
"20206",VALLES CENTRALES,"2001"
"20207",ISTMO,"2002"
"20208",MIXTECA,"2005"
"20209",VALLES CENTRALES,"2001"
"20210",MIXTECA,"2005"
"20211",COSTA,"2004"
"20212",TUXTEPEC,"2003"
"20213",COSTA,"2004"
"20214",SIERRA,"2006"
"20215",MIXTECA,"2005"
"20216",SIERRA,"2006"
"20217",MIXTECA,"2005"
"20218",MIXTECA,"2005"
"20219",SIERRA,"2006"
"20220",VALLES CENTRALES,"2001"
"20221",MIXTECA,"2005"
"20222",SIERRA,"2006"
"20223",SIERRA,"2006"
"20224",MIXTECA,"2005"
"20225",COSTA,"2004"
"20226",SIERRA,"2006"
"20227",VALLES CENTRALES,"2001"
"20228",VALLES CENTRALES,"2001"
"20229",VALLES CENTRALES,"2001"
"20230",MIXTECA,"2005"
"20231",SIERRA,"2006"
"20232",TUXTEPEC,"2003"
"20233",SIERRA,"2006"
"20234",VALLES CENTRALES,"2001"
"20235",VALLES CENTRALES,"2001"
"20236",VALLES CENTRALES,"2001"
"20237",MIXTECA,"2005"
"20238",VALLES CENTRALES,"2001"
"20239",MIXTECA,"2005"
"20240",MIXTECA,"2005"
"20241",VALLES CENTRALES,"2001"
"20242",MIXTECA,"2005"
"20243",VALLES CENTRALES,"2001"
"20244",VALLES CENTRALES,"2001"
"20245",MIXTECA,"2005"
"20246",SIERRA,"2006"
"20247",SIERRA,"2006"
"20248",ISTMO,"2002"
"20249",VALLES CENTRALES,"2001"
"20250",MIXTECA,"2005"
"20251",MIXTECA,"2005"
"20252",MIXTECA,"2005"
"20253",COSTA,"2004"
"20254",VALLES CENTRALES,"2001"
"20255",MIXTECA,"2005"
"20256",MIXTECA,"2005"
"20257",SIERRA,"2006"
"20258",MIXTECA,"2005"
"20259",MIXTECA,"2005"
"20260",SIERRA,"2006"
"20261",MIXTECA,"2005"
"20262",SIERRA,"2006"
"20263",VALLES CENTRALES,"2001"
"20264",MIXTECA,"2005"
"20265",ISTMO,"2002"
"20266",COSTA,"2004"
"20267",SIERRA,"2006"
"20268",VALLES CENTRALES,"2001"
"20269",MIXTECA,"2005"
"20270",MIXTECA,"2005"
"20271",VALLES CENTRALES,"2001"
"20272",COSTA,"2004"
"20273",VALLES CENTRALES,"2001"
"20274",VALLES CENTRALES,"2001"
"20275",SIERRA,"2006"
"20276",VALLES CENTRALES,"2001"
"20277",VALLES CENTRALES,"2001"
"20278",TUXTEPEC,"2003"
"20279",VALLES CENTRALES,"2001"
"20280",SIERRA,"2006"
"20281",MIXTECA,"2005"
"20282",ISTMO,"2002"
"20283",MIXTECA,"2005"
"20284",VALLES CENTRALES,"2001"
"20285",COSTA,"2004"
"20286",MIXTECA,"2005"
"20287",MIXTECA,"2005"
"20288",SIERRA,"2006"
"20289",VALLES CENTRALES,"2001"
"20290",MIXTECA,"2005"
"20291",VALLES CENTRALES,"2001"
"20292",VALLES CENTRALES,"2001"
"20293",VALLES CENTRALES,"2001"
"20294",VALLES CENTRALES,"2001"
"20295",VALLES CENTRALES,"2001"
"20296",SIERRA,"2006"
"20297",MIXTECA,"2005"
"20298",SIERRA,"2006"
"20299",SIERRA,"2006"
"20300",MIXTECA,"2005"
"20301",VALLES CENTRALES,"2001"
"20302",COSTA,"2004"
"20303",SIERRA,"2006"
"20304",MIXTECA,"2005"
"20305",ISTMO,"2002"
"20306",COSTA,"2004"
"20307",ISTMO,"2002"
"20308",ISTMO,"2002"
"20309",TUXTEPEC,"2003"
"20310",VALLES CENTRALES,"2001"
"20311",VALLES CENTRALES,"2001"
"20312",COSTA,"2004"
"20313",VALLES CENTRALES,"2001"
"20314",COSTA,"2004"
"20315",VALLES CENTRALES,"2001"
"20316",SIERRA,"2006"
"20317",MIXTECA,"2005"
"20318",COSTA,"2004"
"20319",VALLES CENTRALES,"2001"
"20320",MIXTECA,"2005"
"20321",MIXTECA,"2005"
"20322",VALLES CENTRALES,"2001"
"20323",SIERRA,"2006"
"20324",COSTA,"2004"
"20325",SIERRA,"2006"
"20326",VALLES CENTRALES,"2001"
"20327",ISTMO,"2002"
"20328",VALLES CENTRALES,"2001"
"20329",MIXTECA,"2005"
"20330",TUXTEPEC,"2003"
"20331",MIXTECA,"2005"
"20332",MIXTECA,"2005"
"20333",SIERRA,"2006"
"20334",COSTA,"2004"
"20335",SIERRA,"2006"
"20336",SIERRA,"2006"
"20337",SIERRA,"2006"
"20338",VALLES CENTRALES,"2001"
"20339",MIXTECA,"2005"
"20340",MIXTECA,"2005"
"20341",MIXTECA,"2005"
"20342",VALLES CENTRALES,"2001"
"20343",SIERRA,"2006"
"20344",VALLES CENTRALES,"2001"
"20345",COSTA,"2004"
"20346",MIXTECA,"2005"
"20347",VALLES CENTRALES,"2001"
"20348",MIXTECA,"2005"
"20349",SIERRA,"2006"
"20350",VALLES CENTRALES,"2001"
"20351",VALLES CENTRALES,"2001"
"20352",MIXTECA,"2005"
"20353",VALLES CENTRALES,"2001"
"20354",VALLES CENTRALES,"2001"
"20355",VALLES CENTRALES,"2001"
"20356",SIERRA,"2006"
"20357",SIERRA,"2006"
"20358",VALLES CENTRALES,"2001"
"20359",SIERRA,"2006"
"20360",VALLES CENTRALES,"2001"
"20361",SIERRA,"2006"
"20362",VALLES CENTRALES,"2001"
"20363",SIERRA,"2006"
"20364",COSTA,"2004"
"20365",SIERRA,"2006"
"20366",VALLES CENTRALES,"2001"
"20367",COSTA,"2004"
"20368",VALLES CENTRALES,"2001"
"20369",VALLES CENTRALES,"2001"
"20370",MIXTECA,"2005"
"20371",MIXTECA,"2005"
"20372",MIXTECA,"2005"
"20373",MIXTECA,"2005"
"20374",VALLES CENTRALES,"2001"
"20375",VALLES CENTRALES,"2001"
"20376",MIXTECA,"2005"
"20377",MIXTECA,"2005"
"20378",VALLES CENTRALES,"2001"
"20379",MIXTECA,"2005"
"20380",SIERRA,"2006"
"20381",MIXTECA,"2005"
"20382",MIXTECA,"2005"
"20383",MIXTECA,"2005"
"20384",VALLES CENTRALES,"2001"
"20385",VALLES CENTRALES,"2001"
"20386",VALLES CENTRALES,"2001"
"20387",VALLES CENTRALES,"2001"
"20388",VALLES CENTRALES,"2001"
"20389",VALLES CENTRALES,"2001"
"20390",VALLES CENTRALES,"2001"
"20391",VALLES CENTRALES,"2001"
"20392",MIXTECA,"2005"
"20393",VALLES CENTRALES,"2001"
"20394",SIERRA,"2006"
"20395",MIXTECA,"2005"
"20396",VALLES CENTRALES,"2001"
"20397",MIXTECA,"2005"
"20398",VALLES CENTRALES,"2001"
"20399",VALLES CENTRALES,"2001"
"20400",MIXTECA,"2005"
"20401",COSTA,"2004"
"20402",COSTA,"2004"
"20403",VALLES CENTRALES,"2001"
"20404",MIXTECA,"2005"
"20405",MIXTECA,"2005"
"20406",TUXTEPEC,"2003"
"20407",ISTMO,"2002"
"20408",MIXTECA,"2005"
"20409",VALLES CENTRALES,"2001"
"20410",SIERRA,"2006"
"20411",SIERRA,"2006"
"20412",ISTMO,"2002"
"20413",COSTA,"2004"
"20414",COSTA,"2004"
"20415",MIXTECA,"2005"
"20416",VALLES CENTRALES,"2001"
"20417",TUXTEPEC,"2003"
"20418",ISTMO,"2002"
"20419",SIERRA,"2006"
"20420",VALLES CENTRALES,"2001"
"20421",ISTMO,"2002"
"20422",MIXTECA,"2005"
"20423",MIXTECA,"2005"
"20424",VALLES CENTRALES,"2001"
"20425",VALLES CENTRALES,"2001"
"20426",VALLES CENTRALES,"2001"
"20427",ISTMO,"2002"
"20428",SIERRA,"2006"
"20429",VALLES CENTRALES,"2001"
"20430",MIXTECA,"2005"
"20431",VALLES CENTRALES,"2001"
"20432",SIERRA,"2006"
"20433",COSTA,"2004"
"20434",VALLES CENTRALES,"2001"
"20435",SIERRA,"2006"
"20436",VALLES CENTRALES,"2001"
"20437",SIERRA,"2006"
"20438",VALLES CENTRALES,"2001"
"20439",COSTA,"2004"
"20440",ISTMO,"2002"
"20441",ISTMO,"2002"
"20442",SIERRA,"2006"
"20443",SIERRA,"2006"
"20444",MIXTECA,"2005"
"20445",MIXTECA,"2005"
"20446",MIXTECA,"2005"
"20447",MIXTECA,"2005"
"20448",VALLES CENTRALES,"2001"
"20449",SIERRA,"2006"
"20450",MIXTECA,"2005"
"20451",MIXTECA,"2005"
"20452",VALLES CENTRALES,"2001"
"20453",ISTMO,"2002"
"20454",SIERRA,"2006"
"20455",MIXTECA,"2005"
"20456",MIXTECA,"2005"
"20457",TUXTEPEC,"2003"
"20458",SIERRA,"2006"
"20459",MIXTECA,"2005"
"20460",TUXTEPEC,"2003"
"20461",MIXTECA,"2005"
"20462",MIXTECA,"2005"
"20463",MIXTECA,"2005"
"20464",MIXTECA,"2005"
"20465",ISTMO,"2002"
"20466",COSTA,"2004"
"20467",COSTA,"2004"
"20468",TUXTEPEC,"2003"
"20469",MIXTECA,"2005"
"20470",ISTMO,"2002"
"20471",SIERRA,"2006"
"20472",ISTMO,"2002"
"20473",SIERRA,"2006"
"20474",COSTA,"2004"
"20475",SIERRA,"2006"
"20476",MIXTECA,"2005"
"20477",VALLES CENTRALES,"2001"
"20478",VALLES CENTRALES,"2001"
"20479",MIXTECA,"2005"
"20480",MIXTECA,"2005"
"20481",MIXTECA,"2005"
"20482",COSTA,"2004"
"20483",VALLES CENTRALES,"2001"
"20484",MIXTECA,"2005"
"20485",COSTA,"2004"
"20486",MIXTECA,"2005"
"20487",VALLES CENTRALES,"2001"
"20488",MIXTECA,"2005"
"20489",COSTA,"2004"
"20490",VALLES CENTRALES,"2001"
"20491",VALLES CENTRALES,"2001"
"20492",MIXTECA,"2005"
"20493",MIXTECA,"2005"
"20494",VALLES CENTRALES,"2001"
"20495",COSTA,"2004"
"20496",SIERRA,"2006"
"20497",COSTA,"2004"
"20498",TUXTEPEC,"2003"
"20499",MIXTECA,"2005"
"20500",MIXTECA,"2005"
"20501",MIXTECA,"2005"
"20502",SIERRA,"2006"
"20503",SIERRA,"2006"
"20504",SIERRA,"2006"
"20505",ISTMO,"2002"
"20506",SIERRA,"2006"
"20507",COSTA,"2004"
"20508",ISTMO,"2002"
"20509",COSTA,"2004"
"20510",MIXTECA,"2005"
"20511",MIXTECA,"2005"
"20512",VALLES CENTRALES,"2001"
"20513",ISTMO,"2002"
"20514",SIERRA,"2006"
"20515",ISTMO,"2002"
"20516",VALLES CENTRALES,"2001"
"20517",SIERRA,"2006"
"20518",MIXTECA,"2005"
"20519",VALLES CENTRALES,"2001"
"20520",MIXTECA,"2005"
"20521",MIXTECA,"2005"
"20522",SIERRA,"2006"
"20523",MIXTECA,"2005"
"20524",MIXTECA,"2005"
"20525",ISTMO,"2002"
"20526",COSTA,"2004"
"20527",VALLES CENTRALES,"2001"
"20528",MIXTECA,"2005"
"20529",MIXTECA,"2005"
"20530",VALLES CENTRALES,"2001"
"20531",VALLES CENTRALES,"2001"
"20532",MIXTECA,"2005"
"20533",VALLES CENTRALES,"2001"
"20534",VALLES CENTRALES,"2001"
"20535",VALLES CENTRALES,"2001"
"20536",MIXTECA,"2005"
"20537",MIXTECA,"2005"
"20538",VALLES CENTRALES,"2001"
"20539",VALLES CENTRALES,"2001"
"20540",MIXTECA,"2005"
"20541",SIERRA,"2006"
"20542",VALLES CENTRALES,"2001"
"20543",COSTA,"2004"
"20544",SIERRA,"2006"
"20545",VALLES CENTRALES,"2001"
"20546",SIERRA,"2006"
"20547",MIXTECA,"2005"
"20548",MIXTECA,"2005"
"20549",MIXTECA,"2005"
"20550",SIERRA,"2006"
"20551",SIERRA,"2006"
"20552",MIXTECA,"2005"
"20553",VALLES CENTRALES,"2001"
"20554",SIERRA,"2006"
"20555",VALLES CENTRALES,"2001"
"20556",MIXTECA,"2005"
"20557",ISTMO,"2002"
"20558",VALLES CENTRALES,"2001"
"20559",TUXTEPEC,"2003"
"20560",SIERRA,"2006"
"20561",VALLES CENTRALES,"2001"
"20562",MIXTECA,"2005"
"20563",VALLES CENTRALES,"2001"
"20564",MIXTECA,"2005"
"20565",VALLES CENTRALES,"2001"
"20566",VALLES CENTRALES,"2001"
"20567",MIXTECA,"2005"
"20568",MIXTECA,"2005"
"20569",MIXTECA,"2005"
"20570",VALLES CENTRALES,"2001"
"21001",TEPEXI DE RODRÍGUEZ,"2109"
"21002",ZACAPOAXTLA,"2103"
"21003",ACATLÁN,"2108"
"21004",TEPEXI DE RODRÍGUEZ,"2109"
"21005",IZÚCAR DE MATAMOROS,"2107"
"21006",CHIGNAHUAPAN,"2102"
"21007",IZÚCAR DE MATAMOROS,"2107"
"21008",HUAUCHINANGO,"2101"
"21009",ACATLÁN,"2108"
"21010",TEHUACÁN,"2110"
"21011",ACATLÁN,"2108"
"21012",SAN SALVADOR EL SECO,"2104"
"21013",TEHUACÁN,"2110"
"21014",CHIGNAHUAPAN,"2102"
"21015",TEPEXI DE RODRÍGUEZ,"2109"
"21016",CHIGNAHUAPAN,"2102"
"21017",ZACAPOAXTLA,"2103"
"21018",TEPEXI DE RODRÍGUEZ,"2109"
"21019",HUEJOTZINGO,"2105"
"21020",TEPEXI DE RODRÍGUEZ,"2109"
"21021",IZÚCAR DE MATAMOROS,"2107"
"21022",HUEJOTZINGO,"2105"
"21023",SAN SALVADOR EL SECO,"2104"
"21024",ACATLÁN,"2108"
"21025",ZACAPOAXTLA,"2103"
"21026",HUEJOTZINGO,"2105"
"21027",TEHUACÁN,"2110"
"21028",CHIGNAHUAPAN,"2102"
"21029",ZACAPOAXTLA,"2103"
"21030",CHIGNAHUAPAN,"2102"
"21031",IZÚCAR DE MATAMOROS,"2107"
"21032",IZÚCAR DE MATAMOROS,"2107"
"21033",IZÚCAR DE MATAMOROS,"2107"
"21034",HUEJOTZINGO,"2105"
"21035",TEHUACÁN,"2110"
"21036",TEHUACÁN,"2110"
"21037",TEPEXI DE RODRÍGUEZ,"2109"
"21038",TEPEXI DE RODRÍGUEZ,"2109"
"21039",CHIGNAHUAPAN,"2102"
"21040",TEPEXI DE RODRÍGUEZ,"2109"
"21041",HUEJOTZINGO,"2105"
"21042",TEPEXI DE RODRÍGUEZ,"2109"
"21043",ZACAPOAXTLA,"2103"
"21044",SAN SALVADOR EL SECO,"2104"
"21045",SAN SALVADOR EL SECO,"2104"
"21046",TEHUACÁN,"2110"
"21047",IZÚCAR DE MATAMOROS,"2107"
"21048",HUEJOTZINGO,"2105"
"21049",HUAUCHINANGO,"2101"
"21050",SAN SALVADOR EL SECO,"2104"
"21051",IZÚCAR DE MATAMOROS,"2107"
"21052",TEPEXI DE RODRÍGUEZ,"2109"
"21053",CHIGNAHUAPAN,"2102"
"21054",ZACAPOAXTLA,"2103"
"21055",ACATLÁN,"2108"
"21056",ACATLÁN,"2108"
"21057",HUAUCHINANGO,"2101"
"21058",SAN SALVADOR EL SECO,"2104"
"21059",ACATLÁN,"2108"
"21060",HUEJOTZINGO,"2105"
"21061",TEHUACÁN,"2110"
"21062",IZÚCAR DE MATAMOROS,"2107"
"21063",SAN SALVADOR EL SECO,"2104"
"21064",HUAUCHINANGO,"2101"
"21065",TEPEXI DE RODRÍGUEZ,"2109"
"21066",ACATLÁN,"2108"
"21067",SAN SALVADOR EL SECO,"2104"
"21068",CHIGNAHUAPAN,"2102"
"21069",HUEJOTZINGO,"2105"
"21070",TEPEXI DE RODRÍGUEZ,"2109"
"21071",HUAUCHINANGO,"2101"
"21072",ZACAPOAXTLA,"2103"
"21073",IZÚCAR DE MATAMOROS,"2107"
"21074",HUEJOTZINGO,"2105"
"21075",ZACAPOAXTLA,"2103"
"21076",ZACAPOAXTLA,"2103"
"21077",ZACAPOAXTLA,"2103"
"21078",ZACAPOAXTLA,"2103"
"21079",TEPEXI DE RODRÍGUEZ,"2109"
"21080",ZACAPOAXTLA,"2103"
"21081",IZÚCAR DE MATAMOROS,"2107"
"21082",TEPEXI DE RODRÍGUEZ,"2109"
"21083",CHIGNAHUAPAN,"2102"
"21084",ZACAPOAXTLA,"2103"
"21085",IZÚCAR DE MATAMOROS,"2107"
"21086",HUAUCHINANGO,"2101"
"21087",IZÚCAR DE MATAMOROS,"2107"
"21088",ZACAPOAXTLA,"2103"
"21089",HUAUCHINANGO,"2101"
"21090",HUEJOTZINGO,"2105"
"21091",HUAUCHINANGO,"2101"
"21092",TEPEXI DE RODRÍGUEZ,"2109"
"21093",SAN SALVADOR EL SECO,"2104"
"21094",SAN SALVADOR EL SECO,"2104"
"21095",TEPEXI DE RODRÍGUEZ,"2109"
"21096",SAN SALVADOR EL SECO,"2104"
"21097",TEPEXI DE RODRÍGUEZ,"2109"
"21098",TEPEXI DE RODRÍGUEZ,"2109"
"21099",SAN SALVADOR EL SECO,"2104"
"21100",HUAUCHINANGO,"2101"
"21101",ZACAPOAXTLA,"2103"
"21102",HUEJOTZINGO,"2105"
"21103",TEHUACÁN,"2110"
"21104",SAN SALVADOR EL SECO,"2104"
"21105",SAN SALVADOR EL SECO,"2104"
"21106",HUEJOTZINGO,"2105"
"21107",ZACAPOAXTLA,"2103"
"21108",SAN SALVADOR EL SECO,"2104"
"21109",HUAUCHINANGO,"2101"
"21110",TEPEXI DE RODRÍGUEZ,"2109"
"21111",HUAUCHINANGO,"2101"
"21112",ACATLÁN,"2108"
"21113",ACATLÁN,"2108"
"21114",PUEBLA,"2106"
"21115",TEPEXI DE RODRÍGUEZ,"2109"
"21116",SAN SALVADOR EL SECO,"2104"
"21117",SAN SALVADOR EL SECO,"2104"
"21118",TEPEXI DE RODRÍGUEZ,"2109"
"21119",HUEJOTZINGO,"2105"
"21120",TEHUACÁN,"2110"
"21121",HUEJOTZINGO,"2105"
"21122",HUEJOTZINGO,"2105"
"21123",CHIGNAHUAPAN,"2102"
"21124",TEHUACÁN,"2110"
"21125",HUEJOTZINGO,"2105"
"21126",HUEJOTZINGO,"2105"
"21127",ACATLÁN,"2108"
"21128",SAN SALVADOR EL SECO,"2104"
"21129",TEHUACÁN,"2110"
"21130",SAN SALVADOR EL SECO,"2104"
"21131",TEPEXI DE RODRÍGUEZ,"2109"
"21132",HUEJOTZINGO,"2105"
"21133",IZÚCAR DE MATAMOROS,"2107"
"21134",HUEJOTZINGO,"2105"
"21135",ACATLÁN,"2108"
"21136",HUEJOTZINGO,"2105"
"21137",SAN SALVADOR EL SECO,"2104"
"21138",HUEJOTZINGO,"2105"
"21139",ACATLÁN,"2108"
"21140",HUEJOTZINGO,"2105"
"21141",ACATLÁN,"2108"
"21142",SAN SALVADOR EL SECO,"2104"
"21143",HUEJOTZINGO,"2105"
"21144",TEPEXI DE RODRÍGUEZ,"2109"
"21145",TEHUACÁN,"2110"
"21146",TEPEXI DE RODRÍGUEZ,"2109"
"21147",TEPEXI DE RODRÍGUEZ,"2109"
"21148",HUEJOTZINGO,"2105"
"21149",TEHUACÁN,"2110"
"21150",IZÚCAR DE MATAMOROS,"2107"
"21151",TEPEXI DE RODRÍGUEZ,"2109"
"21152",SAN SALVADOR EL SECO,"2104"
"21153",TEPEXI DE RODRÍGUEZ,"2109"
"21154",TEPEXI DE RODRÍGUEZ,"2109"
"21155",ACATLÁN,"2108"
"21156",TEHUACÁN,"2110"
"21157",ACATLÁN,"2108"
"21158",ZACAPOAXTLA,"2103"
"21159",IZÚCAR DE MATAMOROS,"2107"
"21160",IZÚCAR DE MATAMOROS,"2107"
"21161",TEHUACÁN,"2110"
"21162",CHIGNAHUAPAN,"2102"
"21163",TEPEXI DE RODRÍGUEZ,"2109"
"21164",TEPEXI DE RODRÍGUEZ,"2109"
"21165",IZÚCAR DE MATAMOROS,"2107"
"21166",IZÚCAR DE MATAMOROS,"2107"
"21167",CHIGNAHUAPAN,"2102"
"21168",IZÚCAR DE MATAMOROS,"2107"
"21169",TEPEXI DE RODRÍGUEZ,"2109"
"21170",SAN SALVADOR EL SECO,"2104"
"21171",TEPEXI DE RODRÍGUEZ,"2109"
"21172",CHIGNAHUAPAN,"2102"
"21173",ZACAPOAXTLA,"2103"
"21174",ZACAPOAXTLA,"2103"
"21175",HUEJOTZINGO,"2105"
"21176",IZÚCAR DE MATAMOROS,"2107"
"21177",TEHUACÁN,"2110"
"21178",HUAUCHINANGO,"2101"
"21179",SAN SALVADOR EL SECO,"2104"
"21180",HUEJOTZINGO,"2105"
"21181",HUEJOTZINGO,"2105"
"21182",TEPEXI DE RODRÍGUEZ,"2109"
"21183",HUAUCHINANGO,"2101"
"21184",HUAUCHINANGO,"2101"
"21185",IZÚCAR DE MATAMOROS,"2107"
"21186",ZACAPOAXTLA,"2103"
"21187",HUAUCHINANGO,"2101"
"21188",HUEJOTZINGO,"2105"
"21189",TEPEXI DE RODRÍGUEZ,"2109"
"21190",ACATLÁN,"2108"
"21191",ACATLÁN,"2108"
"21192",ZACAPOAXTLA,"2103"
"21193",TEPEXI DE RODRÍGUEZ,"2109"
"21194",HUAUCHINANGO,"2101"
"21195",TEHUACÁN,"2110"
"21196",ACATLÁN,"2108"
"21197",HUAUCHINANGO,"2101"
"21198",ACATLÁN,"2108"
"21199",ZACAPOAXTLA,"2103"
"21200",ZACAPOAXTLA,"2103"
"21201",IZÚCAR DE MATAMOROS,"2107"
"21202",ZACAPOAXTLA,"2103"
"21203",TEPEXI DE RODRÍGUEZ,"2109"
"21204",ZACAPOAXTLA,"2103"
"21205",TEPEXI DE RODRÍGUEZ,"2109"
"21206",TEPEXI DE RODRÍGUEZ,"2109"
"21207",ZACAPOAXTLA,"2103"
"21208",CHIGNAHUAPAN,"2102"
"21209",TEHUACÁN,"2110"
"21210",ZACAPOAXTLA,"2103"
"21211",ZACAPOAXTLA,"2103"
"21212",SAN SALVADOR EL SECO,"2104"
"21213",HUAUCHINANGO,"2101"
"21214",TEHUACÁN,"2110"
"21215",ZACAPOAXTLA,"2103"
"21216",ZACAPOAXTLA,"2103"
"21217",TEHUACÁN,"2110"
"22001",SAN JUAN DEL RÍO,"2202"
"22002",JALPAN DE SERRA,"2204"
"22003",JALPAN DE SERRA,"2204"
"22004",CADEREYTA DE MONTES,"2203"
"22005",SAN JUAN DEL RÍO,"2202"
"22006",QUERÉTARO,"2201"
"22007",CADEREYTA DE MONTES,"2203"
"22008",QUERÉTARO,"2201"
"22009",JALPAN DE SERRA,"2204"
"22010",JALPAN DE SERRA,"2204"
"22011",QUERÉTARO,"2201"
"22012",SAN JUAN DEL RÍO,"2202"
"22013",CADEREYTA DE MONTES,"2203"
"22014",QUERÉTARO,"2201"
"22015",CADEREYTA DE MONTES,"2203"
"22016",SAN JUAN DEL RÍO,"2202"
"22017",SAN JUAN DEL RÍO,"2202"
"22018",CADEREYTA DE MONTES,"2203"
"23001",CANCÚN,"2302"
"23002",FELIPE CARRILLO PUERTO,"2303"
"23003",CANCÚN,"2302"
"23004",CHETUMAL,"2301"
"23005",CANCÚN,"2302"
"23006",FELIPE CARRILLO PUERTO,"2303"
"23007",CANCÚN,"2302"
"23008",CANCÚN,"2302"
"23009",CANCÚN,"2302"
"23010",CHETUMAL,"2301"
"23011",CANCÚN,"2302"
"24001",SOLEDAD DE GRACIANO SÁNCHEZ,"2403"
"24002",RIOVERDE,"2404"
"24003",TANCANHUITZ,"2407"
"24004",SOLEDAD DE GRACIANO SÁNCHEZ,"2403"
"24005",RIOVERDE,"2404"
"24006",MATEHUALA,"2402"
"24007",MATEHUALA,"2402"
"24008",RIOVERDE,"2404"
"24009",SOLEDAD DE GRACIANO SÁNCHEZ,"2403"
"24010",RIOVERDE,"2404"
"24011",RIOVERDE,"2404"
"24012",TANCANHUITZ,"2407"
"24013",CIUDAD VALLES,"2405"
"24014",TANCANHUITZ,"2407"
"24015",MATEHUALA,"2402"
"24016",CIUDAD VALLES,"2405"
"24017",MATEHUALA,"2402"
"24018",TANCANHUITZ,"2407"
"24019",RIOVERDE,"2404"
"24020",MATEHUALA,"2402"
"24021",SOLEDAD DE GRACIANO SÁNCHEZ,"2403"
"24022",MATEHUALA,"2402"
"24023",RIOVERDE,"2404"
"24024",RIOVERDE,"2404"
"24025",SOLEDAD DE GRACIANO SÁNCHEZ,"2403"
"24026",TANCANHUITZ,"2407"
"24027",RIOVERDE,"2404"
"24028",SAN LUIS POTOSÍ,"2401"
"24029",TAMAZUNCHALE,"2406"
"24030",RIOVERDE,"2404"
"24031",RIOVERDE,"2404"
"24032",SOLEDAD DE GRACIANO SÁNCHEZ,"2403"
"24033",MATEHUALA,"2402"
"24034",TANCANHUITZ,"2407"
"24035",SOLEDAD DE GRACIANO SÁNCHEZ,"2403"
"24036",CIUDAD VALLES,"2405"
"24037",TAMAZUNCHALE,"2406"
"24038",TAMAZUNCHALE,"2406"
"24039",TANCANHUITZ,"2407"
"24040",CIUDAD VALLES,"2405"
"24041",TANCANHUITZ,"2407"
"24042",TANCANHUITZ,"2407"
"24043",SOLEDAD DE GRACIANO SÁNCHEZ,"2403"
"24044",MATEHUALA,"2402"
"24045",MATEHUALA,"2402"
"24046",SOLEDAD DE GRACIANO SÁNCHEZ,"2403"
"24047",MATEHUALA,"2402"
"24048",MATEHUALA,"2402"
"24049",SOLEDAD DE GRACIANO SÁNCHEZ,"2403"
"24050",SOLEDAD DE GRACIANO SÁNCHEZ,"2403"
"24051",SOLEDAD DE GRACIANO SÁNCHEZ,"2403"
"24052",RIOVERDE,"2404"
"24053",TAMAZUNCHALE,"2406"
"24054",TAMAZUNCHALE,"2406"
"24055",SOLEDAD DE GRACIANO SÁNCHEZ,"2403"
"24056",SOLEDAD DE GRACIANO SÁNCHEZ,"2403"
"24057",TAMAZUNCHALE,"2406"
"24058",CIUDAD VALLES,"2405"
"25001",LOS MOCHIS,"2501"
"25002",GUAMUCHIL,"2503"
"25003",CULIACAN,"2504"
"25004",MAZATLAN,"2506"
"25005",LA CRUZ,"2505"
"25006",CULIACAN,"2504"
"25007",LOS MOCHIS,"2501"
"25008",LA CRUZ,"2505"
"25009",MAZATLAN,"2506"
"25010",LOS MOCHIS,"2501"
"25011",GUASAVE,"2502"
"25012",MAZATLAN,"2506"
"25013",GUAMUCHIL,"2503"
"25014",MAZATLAN,"2506"
"25015",GUAMUCHIL,"2503"
"25016",LA CRUZ,"2505"
"25017",GUASAVE,"2502"
"25018",CULIACAN,"2504"
"26001",HERMOSILLO,"2601"
"26002",SANTA ANA,"2603"
"26003",NAVOJOA,"2605"
"26004",CABORCA,"2602"
"26005",HERMOSILLO,"2601"
"26006",SANTA ANA,"2603"
"26007",CABORCA,"2602"
"26008",HERMOSILLO,"2601"
"26009",HERMOSILLO,"2601"
"26010",SANTA ANA,"2603"
"26011",SANTA ANA,"2603"
"26012",CIUDAD OBREGÓN,"2604"
"26013",HERMOSILLO,"2601"
"26014",HERMOSILLO,"2601"
"26015",SANTA ANA,"2603"
"26016",SANTA ANA,"2603"
"26017",CABORCA,"2602"
"26018",CIUDAD OBREGÓN,"2604"
"26019",SANTA ANA,"2603"
"26020",HERMOSILLO,"2601"
"26021",HERMOSILLO,"2601"
"26022",SANTA ANA,"2603"
"26023",HERMOSILLO,"2601"
"26024",HERMOSILLO,"2601"
"26025",CIUDAD OBREGÓN,"2604"
"26026",NAVOJOA,"2605"
"26027",SANTA ANA,"2603"
"26028",HERMOSILLO,"2601"
"26029",CIUDAD OBREGÓN,"2604"
"26030",HERMOSILLO,"2601"
"26031",SANTA ANA,"2603"
"26032",HERMOSILLO,"2601"
"26033",NAVOJOA,"2605"
"26034",HERMOSILLO,"2601"
"26035",SANTA ANA,"2603"
"26036",SANTA ANA,"2603"
"26037",HERMOSILLO,"2601"
"26038",HERMOSILLO,"2601"
"26039",SANTA ANA,"2603"
"26040",HERMOSILLO,"2601"
"26041",HERMOSILLO,"2601"
"26042",NAVOJOA,"2605"
"26043",SANTA ANA,"2603"
"26044",HERMOSILLO,"2601"
"26045",HERMOSILLO,"2601"
"26046",CABORCA,"2602"
"26047",CABORCA,"2602"
"26048",SAN LUIS RIO COLORADO,"2606"
"26049",CIUDAD OBREGÓN,"2604"
"26050",HERMOSILLO,"2601"
"26051",CIUDAD OBREGÓN,"2604"
"26052",HERMOSILLO,"2601"
"26053",HERMOSILLO,"2601"
"26054",HERMOSILLO,"2601"
"26055",SAN LUIS RIO COLORADO,"2606"
"26056",HERMOSILLO,"2601"
"26057",HERMOSILLO,"2601"
"26058",SANTA ANA,"2603"
"26059",SANTA ANA,"2603"
"26060",CABORCA,"2602"
"26061",HERMOSILLO,"2601"
"26062",HERMOSILLO,"2601"
"26063",HERMOSILLO,"2601"
"26064",SANTA ANA,"2603"
"26065",CABORCA,"2602"
"26066",HERMOSILLO,"2601"
"26067",HERMOSILLO,"2601"
"26068",HERMOSILLO,"2601"
"26069",CIUDAD OBREGÓN,"2604"
"26070",SAN LUIS RIO COLORADO,"2606"
"26071",NAVOJOA,"2605"
"26072",CIUDAD OBREGÓN,"2604"
"27001",BALANCÁN,"2701"
"27002",CÁRDENAS,"2702"
"27003",CENTLA,"2703"
"27004",CENTRO,"2704"
"27005",COMALCALCO,"2705"
"27006",CUNDUACÁN,"2706"
"27007",EMILIANO ZAPATA,"2707"
"27008",HUIMANGUILLO,"2708"
"27009",JALAPA,"2709"
"27010",JALPA DE MÉNDEZ,"2710"
"27011",JONUTA,"2711"
"27012",MACUSPANA,"2712"
"27013",NACAJUCA,"2713"
"27014",PARAÍSO,"2714"
"27015",TACOTALPA,"2715"
"27016",TEAPA,"2716"
"27017",TENOSIQUE,"2717"
"28001",PADILLA,"2811"
"28002",ALTAMIRA,"2812"
"28003",ALTAMIRA,"2812"
"28004",MANTE,"2806"
"28005",SAN FERNANDO,"2807"
"28006",JAUMAVE,"2808"
"28007",MIGUEL ALEMÁN,"2809"
"28008",VICTORIA,"2801"
"28009",TAMPICO,"2802"
"28010",SAN FERNANDO,"2807"
"28011",MANTE,"2806"
"28012",ALTAMIRA,"2812"
"28013",VICTORIA,"2801"
"28014",MIGUEL ALEMÁN,"2809"
"28015",MIGUEL ALEMÁN,"2809"
"28016",VICTORIA,"2801"
"28017",JAUMAVE,"2808"
"28018",PADILLA,"2811"
"28019",VICTORIA,"2801"
"28020",VICTORIA,"2801"
"28021",MANTE,"2806"
"28022",MATAMOROS,"2803"
"28023",SAN FERNANDO,"2807"
"28024",MIGUEL ALEMÁN,"2809"
"28025",MIGUEL ALEMÁN,"2809"
"28026",JAUMAVE,"2808"
"28027",NUEVO LAREDO,"2805"
"28028",MANTE,"2806"
"28029",MANTE,"2806"
"28030",PADILLA,"2811"
"28031",JAUMAVE,"2808"
"28032",REYNOSA,"2804"
"28033",VALLE HERMOSO,"2810"
"28034",PADILLA,"2811"
"28035",SAN FERNANDO,"2807"
"28036",PADILLA,"2811"
"28037",PADILLA,"2811"
"28038",TAMPICO,"2802"
"28039",JAUMAVE,"2808"
"28040",VALLE HERMOSO,"2810"
"28041",VICTORIA,"2801"
"28042",VICTORIA,"2801"
"28043",MANTE,"2806"
"29001",TLAXCALA,"2901"
"29002",TLAXCALA,"2901"
"29003",APIZACO,"2903"
"29004",HUAMANTLA,"2902"
"29005",APIZACO,"2903"
"29006",APIZACO,"2903"
"29007",HUAMANTLA,"2902"
"29008",HUAMANTLA,"2902"
"29009",APIZACO,"2903"
"29010",TLAXCALA,"2901"
"29011",APIZACO,"2903"
"29012",APIZACO,"2903"
"29013",HUAMANTLA,"2902"
"29014",APIZACO,"2903"
"29015",TLAXCALA,"2901"
"29016",HUAMANTLA,"2902"
"29017",TLAXCALA,"2901"
"29018",TLAXCALA,"2901"
"29019",TLAXCALA,"2901"
"29020",APIZACO,"2903"
"29021",APIZACO,"2903"
"29022",TLAXCALA,"2901"
"29023",TLAXCALA,"2901"
"29024",TLAXCALA,"2901"
"29025",TLAXCALA,"2901"
"29026",TLAXCALA,"2901"
"29027",TLAXCALA,"2901"
"29028",TLAXCALA,"2901"
"29029",TLAXCALA,"2901"
"29030",HUAMANTLA,"2902"
"29031",APIZACO,"2903"
"29032",TLAXCALA,"2901"
"29033",TLAXCALA,"2901"
"29034",APIZACO,"2903"
"29035",HUAMANTLA,"2902"
"29036",TLAXCALA,"2901"
"29037",HUAMANTLA,"2902"
"29038",HUAMANTLA,"2902"
"29039",APIZACO,"2903"
"29040",APIZACO,"2903"
"29041",TLAXCALA,"2901"
"29042",TLAXCALA,"2901"
"29043",APIZACO,"2903"
"29044",TLAXCALA,"2901"
"29045",APIZACO,"2903"
"29046",HUAMANTLA,"2902"
"29047",HUAMANTLA,"2902"
"29048",TLAXCALA,"2901"
"29049",TLAXCALA,"2901"
"29050",TLAXCALA,"2901"
"29051",TLAXCALA,"2901"
"29052",HUAMANTLA,"2902"
"29053",TLAXCALA,"2901"
"29054",TLAXCALA,"2901"
"29055",APIZACO,"2903"
"29056",TLAXCALA,"2901"
"29057",TLAXCALA,"2901"
"29058",TLAXCALA,"2901"
"29059",TLAXCALA,"2901"
"29060",TLAXCALA,"2901"
"30001",XALAPA,"3005"
"30002",XALAPA,"3005"
"30003",SAN ANDRÉS TUXTLA,"3010"
"30004",XALAPA,"3005"
"30005",COSAMALOAPAN,"3009"
"30006",ORIZABA,"3007"
"30007",CÓRDOBA,"3006"
"30008",CÓRDOBA,"3006"
"30009",XALAPA,"3005"
"30010",XALAPA,"3005"
"30011",VERACRUZ,"3008"
"30012",COSAMALOAPAN,"3009"
"30013",TUXPAN,"3002"
"30014",CÓRDOBA,"3006"
"30015",SAN ANDRÉS TUXTLA,"3010"
"30016",VERACRUZ,"3008"
"30017",XALAPA,"3005"
"30018",ORIZABA,"3007"
"30019",ORIZABA,"3007"
"30020",ORIZABA,"3007"
"30021",CÓRDOBA,"3006"
"30022",ORIZABA,"3007"
"30023",MARTÍNEZ DE LA TORRE,"3004"
"30024",XALAPA,"3005"
"30025",XALAPA,"3005"
"30026",XALAPA,"3005"
"30027",PÁNUCO,"3001"
"30028",VERACRUZ,"3008"
"30029",CÓRDOBA,"3006"
"30030",ORIZABA,"3007"
"30031",CÓRDOBA,"3006"
"30032",SAN ANDRÉS TUXTLA,"3010"
"30033",POZA RICA,"3003"
"30034",TUXPAN,"3002"
"30035",TUXPAN,"3002"
"30036",XALAPA,"3005"
"30037",POZA RICA,"3003"
"30038",XALAPA,"3005"
"30039",COATZACOALCOS,"3011"
"30040",POZA RICA,"3003"
"30041",CÓRDOBA,"3006"
"30042",MARTÍNEZ DE LA TORRE,"3004"
"30043",CÓRDOBA,"3006"
"30044",CÓRDOBA,"3006"
"30045",COSAMALOAPAN,"3009"
"30046",XALAPA,"3005"
"30047",CÓRDOBA,"3006"
"30048",COATZACOALCOS,"3011"
"30049",VERACRUZ,"3008"
"30050",POZA RICA,"3003"
"30051",POZA RICA,"3003"
"30052",CÓRDOBA,"3006"
"30053",CÓRDOBA,"3006"
"30054",COSAMALOAPAN,"3009"
"30055",PÁNUCO,"3001"
"30056",PÁNUCO,"3001"
"30057",XALAPA,"3005"
"30058",PÁNUCO,"3001"
"30059",COATZACOALCOS,"3011"
"30060",TUXPAN,"3002"
"30061",COATZACOALCOS,"3011"
"30062",CÓRDOBA,"3006"
"30063",TUXPAN,"3002"
"30064",POZA RICA,"3003"
"30065",XALAPA,"3005"
"30066",POZA RICA,"3003"
"30067",POZA RICA,"3003"
"30068",CÓRDOBA,"3006"
"30069",MARTÍNEZ DE LA TORRE,"3004"
"30070",COATZACOALCOS,"3011"
"30071",CÓRDOBA,"3006"
"30072",POZA RICA,"3003"
"30073",SAN ANDRÉS TUXTLA,"3010"
"30074",ORIZABA,"3007"
"30075",VERACRUZ,"3008"
"30076",POZA RICA,"3003"
"30077",COSAMALOAPAN,"3009"
"30078",TUXPAN,"3002"
"30079",XALAPA,"3005"
"30080",CÓRDOBA,"3006"
"30081",ORIZABA,"3007"
"30082",COATZACOALCOS,"3011"
"30083",POZA RICA,"3003"
"30084",COSAMALOAPAN,"3009"
"30085",ORIZABA,"3007"
"30086",MARTÍNEZ DE LA TORRE,"3004"
"30087",XALAPA,"3005"
"30088",XALAPA,"3005"
"30089",COATZACOALCOS,"3011"
"30090",VERACRUZ,"3008"
"30091",SAN ANDRÉS TUXTLA,"3010"
"30092",XALAPA,"3005"
"30093",XALAPA,"3005"
"30094",COSAMALOAPAN,"3009"
"30095",MARTÍNEZ DE LA TORRE,"3004"
"30096",XALAPA,"3005"
"30097",SAN ANDRÉS TUXTLA,"3010"
"30098",ORIZABA,"3007"
"30099",ORIZABA,"3007"
"30100",VERACRUZ,"3008"
"30101",ORIZABA,"3007"
"30102",MARTÍNEZ DE LA TORRE,"3004"
"30103",POZA RICA,"3003"
"30104",COATZACOALCOS,"3011"
"30105",VERACRUZ,"3008"
"30106",XALAPA,"3005"
"30107",XALAPA,"3005"
"30108",COATZACOALCOS,"3011"
"30109",MARTÍNEZ DE LA TORRE,"3004"
"30110",ORIZABA,"3007"
"30111",COATZACOALCOS,"3011"
"30112",XALAPA,"3005"
"30113",CÓRDOBA,"3006"
"30114",MARTÍNEZ DE LA TORRE,"3004"
"30115",ORIZABA,"3007"
"30116",SAN ANDRÉS TUXTLA,"3010"
"30117",CÓRDOBA,"3006"
"30118",ORIZABA,"3007"
"30119",COSAMALOAPAN,"3009"
"30120",COATZACOALCOS,"3011"
"30121",PÁNUCO,"3001"
"30122",COATZACOALCOS,"3011"
"30123",PÁNUCO,"3001"
"30124",POZA RICA,"3003"
"30125",CÓRDOBA,"3006"
"30126",VERACRUZ,"3008"
"30127",ORIZABA,"3007"
"30128",XALAPA,"3005"
"30129",PÁNUCO,"3001"
"30130",COSAMALOAPAN,"3009"
"30131",POZA RICA,"3003"
"30132",XALAPA,"3005"
"30133",PÁNUCO,"3001"
"30134",VERACRUZ,"3008"
"30135",ORIZABA,"3007"
"30136",XALAPA,"3005"
"30137",ORIZABA,"3007"
"30138",ORIZABA,"3007"
"30139",SAN ANDRÉS TUXTLA,"3010"
"30140",ORIZABA,"3007"
"30141",SAN ANDRÉS TUXTLA,"3010"
"30142",SAN ANDRÉS TUXTLA,"3010"
"30143",SAN ANDRÉS TUXTLA,"3010"
"30144",SAN ANDRÉS TUXTLA,"3010"
"30145",SAN ANDRÉS TUXTLA,"3010"
"30146",CÓRDOBA,"3006"
"30147",ORIZABA,"3007"
"30148",VERACRUZ,"3008"
"30149",COATZACOALCOS,"3011"
"30150",TUXPAN,"3002"
"30151",TUXPAN,"3002"
"30152",PÁNUCO,"3001"
"30153",TUXPAN,"3002"
"30154",TUXPAN,"3002"
"30155",PÁNUCO,"3001"
"30156",XALAPA,"3005"
"30157",POZA RICA,"3003"
"30158",MARTÍNEZ DE LA TORRE,"3004"
"30159",ORIZABA,"3007"
"30160",TUXPAN,"3002"
"30161",PÁNUCO,"3001"
"30162",CÓRDOBA,"3006"
"30163",MARTÍNEZ DE LA TORRE,"3004"
"30164",XALAPA,"3005"
"30165",CÓRDOBA,"3006"
"30166",XALAPA,"3005"
"30167",TUXPAN,"3002"
"30168",ORIZABA,"3007"
"30169",COSAMALOAPAN,"3009"
"30170",POZA RICA,"3003"
"30171",ORIZABA,"3007"
"30172",SAN ANDRÉS TUXTLA,"3010"
"30173",CÓRDOBA,"3006"
"30174",COSAMALOAPAN,"3009"
"30175",POZA RICA,"3003"
"30176",COSAMALOAPAN,"3009"
"30177",XALAPA,"3005"
"30178",COSAMALOAPAN,"3009"
"30179",CÓRDOBA,"3006"
"30180",POZA RICA,"3003"
"30181",VERACRUZ,"3008"
"30182",XALAPA,"3005"
"30183",MARTÍNEZ DE LA TORRE,"3004"
"30184",ORIZABA,"3007"
"30185",ORIZABA,"3007"
"30186",CÓRDOBA,"3006"
"30187",XALAPA,"3005"
"30188",CÓRDOBA,"3006"
"30189",TUXPAN,"3002"
"30190",COSAMALOAPAN,"3009"
"30191",VERACRUZ,"3008"
"30192",MARTÍNEZ DE LA TORRE,"3004"
"30193",VERACRUZ,"3008"
"30194",XALAPA,"3005"
"30195",ORIZABA,"3007"
"30196",CÓRDOBA,"3006"
"30197",MARTÍNEZ DE LA TORRE,"3004"
"30198",POZA RICA,"3003"
"30199",COATZACOALCOS,"3011"
"30200",CÓRDOBA,"3006"
"30201",ORIZABA,"3007"
"30202",POZA RICA,"3003"
"30203",POZA RICA,"3003"
"30204",COATZACOALCOS,"3011"
"30205",PÁNUCO,"3001"
"30206",COATZACOALCOS,"3011"
"30207",COSAMALOAPAN,"3009"
"30208",COSAMALOAPAN,"3009"
"30209",COATZACOALCOS,"3011"
"30210",COATZACOALCOS,"3011"
"30211",MARTÍNEZ DE LA TORRE,"3004"
"30212",COSAMALOAPAN,"3009"
"31001",MÉRIDA,"3101"
"31002",MÉRIDA,"3101"
"31003",TICUL,"3103"
"31004",MÉRIDA,"3101"
"31005",MÉRIDA,"3101"
"31006",VALLADOLID,"3102"
"31007",MÉRIDA,"3101"
"31008",VALLADOLID,"3102"
"31009",MÉRIDA,"3101"
"31010",TICUL,"3103"
"31011",MÉRIDA,"3101"
"31012",VALLADOLID,"3102"
"31013",MÉRIDA,"3101"
"31014",VALLADOLID,"3102"
"31015",MÉRIDA,"3101"
"31016",TICUL,"3103"
"31017",VALLADOLID,"3102"
"31018",TICUL,"3103"
"31019",VALLADOLID,"3102"
"31020",MÉRIDA,"3101"
"31021",VALLADOLID,"3102"
"31022",VALLADOLID,"3102"
"31023",MÉRIDA,"3101"
"31024",TICUL,"3103"
"31025",TICUL,"3103"
"31026",MÉRIDA,"3101"
"31027",MÉRIDA,"3101"
"31028",MÉRIDA,"3101"
"31029",MÉRIDA,"3101"
"31030",VALLADOLID,"3102"
"31031",MÉRIDA,"3101"
"31032",VALLADOLID,"3102"
"31033",MÉRIDA,"3101"
"31034",MÉRIDA,"3101"
"31035",MÉRIDA,"3101"
"31036",MÉRIDA,"3101"
"31037",MÉRIDA,"3101"
"31038",MÉRIDA,"3101"
"31039",MÉRIDA,"3101"
"31040",MÉRIDA,"3101"
"31041",MÉRIDA,"3101"
"31042",MÉRIDA,"3101"
"31043",VALLADOLID,"3102"
"31044",MÉRIDA,"3101"
"31045",MÉRIDA,"3101"
"31046",TICUL,"3103"
"31047",TICUL,"3103"
"31048",MÉRIDA,"3101"
"31049",TICUL,"3103"
"31050",MÉRIDA,"3101"
"31051",MÉRIDA,"3101"
"31052",MÉRIDA,"3101"
"31053",TICUL,"3103"
"31054",MÉRIDA,"3101"
"31055",TICUL,"3103"
"31056",TICUL,"3103"
"31057",VALLADOLID,"3102"
"31058",TICUL,"3103"
"31059",MÉRIDA,"3101"
"31060",VALLADOLID,"3102"
"31061",VALLADOLID,"3102"
"31062",TICUL,"3103"
"31063",MÉRIDA,"3101"
"31064",MÉRIDA,"3101"
"31065",VALLADOLID,"3102"
"31066",TICUL,"3103"
"31067",MÉRIDA,"3101"
"31068",MÉRIDA,"3101"
"31069",MÉRIDA,"3101"
"31070",VALLADOLID,"3102"
"31071",MÉRIDA,"3101"
"31072",MÉRIDA,"3101"
"31073",TICUL,"3103"
"31074",MÉRIDA,"3101"
"31075",TICUL,"3103"
"31076",MÉRIDA,"3101"
"31077",MÉRIDA,"3101"
"31078",MÉRIDA,"3101"
"31079",TICUL,"3103"
"31080",MÉRIDA,"3101"
"31081",VALLADOLID,"3102"
"31082",MÉRIDA,"3101"
"31083",MÉRIDA,"3101"
"31084",MÉRIDA,"3101"
"31085",VALLADOLID,"3102"
"31086",MÉRIDA,"3101"
"31087",MÉRIDA,"3101"
"31088",MÉRIDA,"3101"
"31089",TICUL,"3103"
"31090",MÉRIDA,"3101"
"31091",VALLADOLID,"3102"
"31092",VALLADOLID,"3102"
"31093",MÉRIDA,"3101"
"31094",TICUL,"3103"
"31095",MÉRIDA,"3101"
"31096",VALLADOLID,"3102"
"31097",MÉRIDA,"3101"
"31098",TICUL,"3103"
"31099",VALLADOLID,"3102"
"31100",MÉRIDA,"3101"
"31101",MÉRIDA,"3101"
"31102",VALLADOLID,"3102"
"31103",MÉRIDA,"3101"
"31104",VALLADOLID,"3102"
"31105",MÉRIDA,"3101"
"31106",MÉRIDA,"3101"
"32001",JALPA,"3205"
"32002",JALPA,"3205"
"32003",TLALTENANGO,"3206"
"32004",TLALTENANGO,"3206"
"32005",ZACATECAS,"3201"
"32006",RÍO GRANDE,"3204"
"32007",CONCEPCIÓN DEL ORO,"3207"
"32008",OJOCALIENTE,"3202"
"32009",FRESNILLO,"3203"
"32010",FRESNILLO,"3203"
"32011",TLALTENANGO,"3206"
"32012",ZACATECAS,"3201"
"32013",FRESNILLO,"3203"
"32014",RÍO GRANDE,"3204"
"32015",JALPA,"3205"
"32016",OJOCALIENTE,"3202"
"32017",ZACATECAS,"3201"
"32018",JALPA,"3205"
"32019",JALPA,"3205"
"32020",TLALTENANGO,"3206"
"32021",FRESNILLO,"3203"
"32022",RÍO GRANDE,"3204"
"32023",JALPA,"3205"
"32024",OJOCALIENTE,"3202"
"32025",OJOCALIENTE,"3202"
"32026",CONCEPCIÓN DEL ORO,"3207"
"32027",CONCEPCIÓN DEL ORO,"3207"
"32028",JALPA,"3205"
"32029",RÍO GRANDE,"3204"
"32030",TLALTENANGO,"3206"
"32031",TLALTENANGO,"3206"
"32032",ZACATECAS,"3201"
"32033",JALPA,"3205"
"32034",JALPA,"3205"
"32035",OJOCALIENTE,"3202"
"32036",OJOCALIENTE,"3202"
"32037",ZACATECAS,"3201"
"32038",OJOCALIENTE,"3202"
"32039",RÍO GRANDE,"3204"
"32040",FRESNILLO,"3203"
"32041",CONCEPCIÓN DEL ORO,"3207"
"32042",FRESNILLO,"3203"
"32043",TLALTENANGO,"3206"
"32044",JALPA,"3205"
"32045",TLALTENANGO,"3206"
"32046",TLALTENANGO,"3206"
"32047",TLALTENANGO,"3206"
"32048",TLALTENANGO,"3206"
"32049",FRESNILLO,"3203"
"32050",ZACATECAS,"3201"
"32051",CONCEPCIÓN DEL ORO,"3207"
"32052",OJOCALIENTE,"3202"
"32053",OJOCALIENTE,"3202"
"32054",OJOCALIENTE,"3202"
"32055",JALPA,"3205"
"32056",ZACATECAS,"3201"
"32057",ZACATECAS,"3201"
"32058",TLALTENANGO,"3206"
